contract,threshold,cal_image_mean,cal_image_n,cal_image_fp_per_image,cal_image_precision,cal_image_object_risk,cal_block_mean,cal_block_n,cal_block_fp_per_image,cal_block_precision,cal_block_object_risk,cal_sequence_mean,cal_sequence_n,cal_sequence_fp_per_image,cal_sequence_precision,cal_sequence_object_risk,cal_image_upper,cal_image_pass,cal_block_upper,cal_block_pass,cal_sequence_upper,cal_sequence_pass,cal_all_units_pass,n_declared_tests,cal_delta,selection_target
nms040,0.0,0.1056585174563546,7510,119.10213049267644,0.0922710956900847,0.10197833022213,0.0861020737281475,6309,119.10213049267644,0.0922710956900847,0.10197833022213,0.0752831458524942,5601,119.10213049267644,0.0922710956900847,0.10197833022213,0.12957881653251516,True,0.11220001864424967,True,0.10298148875701689,True,True,270,0.00018518518518518534,0.14
nms040,0.003,0.0925930828854358,7510,84.17416777629828,0.1255303343648368,0.1037265301687951,0.0744633604575288,6309,84.17416777629828,0.1255303343648368,0.1037265301687951,0.0664630854915777,5601,84.17416777629828,0.1255303343648368,0.1037265301687951,0.11651338196159634,True,0.10056130537363096,True,0.0941614283961004,True,True,270,0.00018518518518518534,0.14
nms040,0.0075,0.084859598692429,7510,58.71304926764314,0.1701655961291269,0.1069562554939899,0.0704590586293928,6309,58.71304926764314,0.1701655961291269,0.1069562554939899,0.0646445930695511,5601,58.71304926764314,0.1701655961291269,0.1069562554939899,0.10877989776858954,True,0.09655700354549497,True,0.0923429359740738,True,True,270,0.00018518518518518534,0.14
nms040,0.015,0.0816348557099245,7510,42.714247669773634,0.2191293637096126,0.110897113000879,0.0704944250986647,6309,42.714247669773634,0.2191293637096126,0.110897113000879,0.0660375748119128,5601,42.714247669773634,0.2191293637096126,0.110897113000879,0.10555515478608504,True,0.09659237001476687,True,0.0937359177164355,True,True,270,0.00018518518518518534,0.14
nms040,0.02,0.0811513369310318,7510,36.89054593874834,0.2447077361787742,0.1134453366519501,0.0709739304197097,6309,36.89054593874834,0.2447077361787742,0.1134453366519501,0.0670206281515682,5601,36.89054593874834,0.2447077361787742,0.1134453366519501,0.10507163600719234,True,0.09707187533581187,True,0.0947189710560909,True,True,270,0.00018518518518518534,0.14
nms040,0.03,0.0825378966213445,7510,29.595073235685756,0.2864627643351771,0.1186899364919454,0.0734179364340316,6309,29.595073235685756,0.2864627643351771,0.1186899364919454,0.0698918657681566,5601,29.595073235685756,0.2864627643351771,0.1186899364919454,0.10645819569750505,True,0.09951588135013377,True,0.0975902086726793,True,True,270,0.00018518518518518534,0.14
nms040,0.04,0.0838915349637836,7510,25.01011984021305,0.320932485881834,0.123253034657817,0.0749331577210202,6309,25.01011984021305,0.320932485881834,0.123253034657817,0.0717621155578844,5601,25.01011984021305,0.320932485881834,0.123253034657817,0.10781183403994414,True,0.10103110263712237,True,0.0994604584624071,True,True,270,0.00018518518518518534,0.14
nms040,0.05,0.0861796669433178,7510,21.758189081225037,0.3508475720942797,0.1277272413009768,0.0772394842297434,6309,21.758189081225037,0.3508475720942797,0.1277272413009768,0.0742861793378365,5601,21.758189081225037,0.3508475720942797,0.1277272413009768,0.11009996601947834,True,0.10333742914584557,True,0.1019845222423592,True,True,270,0.00018518518518518534,0.14
nms040,0.075,0.0936147888424493,7510,16.553262316910786,0.4124777874399788,0.1379793969204026,0.0844789051948499,6309,16.553262316910786,0.4124777874399788,0.1379793969204026,0.0817019030314296,5601,16.553262316910786,0.4124777874399788,0.1379793969204026,0.11753508791860984,True,0.11057685011095206,True,0.1094002459359523,True,True,270,0.00018518518518518534,0.14
nms040,0.125,0.1092405663620944,7510,11.077762982689746,0.5060794604478852,0.1580787578891226,0.0982021688353313,6309,11.077762982689746,0.5060794604478852,0.1580787578891226,0.0946264621743797,5601,11.077762982689746,0.5060794604478852,0.1580787578891226,0.13316086543825495,True,0.12430011375143346,True,0.1223248050789024,True,True,270,0.00018518518518518534,0.14
nms040,0.15,0.1191862060006451,7510,9.400665778961384,0.5437307326909281,0.1690420456902426,0.1070395486700483,6309,9.400665778961384,0.5437307326909281,0.1690420456902426,0.1029551992453694,5601,9.400665778961384,0.5437307326909281,0.1690420456902426,0.14310650507680564,False,0.13313749358615046,True,0.13065354214989208,True,False,270,0.00018518518518518534,0.14
nms040,0.175,0.1280342342668114,7510,8.074434087882823,0.5778962682463333,0.1800250871630764,0.1148094693565221,6309,8.074434087882823,0.5778962682463333,0.1800250871630764,0.110293543063565,5601,8.074434087882823,0.5778962682463333,0.1800250871630764,0.15195453334297196,False,0.14090741427262427,False,0.13799188596808767,True,False,270,0.00018518518518518534,0.14
nms040,0.225,0.1478570904648937,7510,6.065113182423436,0.6387952705328184,0.2043813643861052,0.1319007490414055,6309,6.065113182423436,0.6387952705328184,0.2043813643861052,0.125812879395655,5601,6.065113182423436,0.6387952705328184,0.2043813643861052,0.17177738954105426,False,0.15799869395750765,False,0.1535112223001777,False,False,270,0.00018518518518518534,0.14
nms040,0.275,0.1706503843025583,7510,4.600932090545939,0.6920656988298621,0.2330044346992997,0.1513473681244025,6309,4.600932090545939,0.6920656988298621,0.2330044346992997,0.1440956973321217,5601,4.600932090545939,0.6920656988298621,0.2330044346992997,0.19457068337871886,False,0.17744531304050465,False,0.1717940402366444,False,False,270,0.00018518518518518534,0.14
nms040,0.325,0.1998967236881856,7510,3.48814913448735,0.7396282675678362,0.2650251365472557,0.1791432274180892,6309,3.48814913448735,0.7396282675678362,0.2650251365472557,0.1720208806918088,5601,3.48814913448735,0.7396282675678362,0.2650251365472557,0.22381702276434615,False,0.20524117233419134,False,0.19971922359633149,False,False,270,0.00018518518518518534,0.14
nms040,0.35,0.2172216174462925,7510,3.015978695073236,0.7620273379632062,0.283642972137446,0.1959604747341143,6309,3.015978695073236,0.7620273379632062,0.283642972137446,0.188473199977675,5601,3.015978695073236,0.7620273379632062,0.283642972137446,0.24114191652245306,False,0.22205841965021644,False,0.2161715428821977,False,False,270,0.00018518518518518534,0.14
nms040,0.4,0.2648208373892419,7510,2.2246338215712385,0.8033105331936286,0.3260639821426808,0.2444455347822565,6309,2.2246338215712385,0.8033105331936286,0.3260639821426808,0.2390616189392444,5601,2.2246338215712385,0.8033105331936286,0.3260639821426808,0.28874113646540245,False,0.2705434796983587,False,0.2667599618437671,False,False,270,0.00018518518518518534,0.14
nms040,0.45,0.3349898401210442,7510,1.5932090545938749,0.8404581577684143,0.3774531591059488,0.3196400704492981,6309,1.5932090545938749,0.8404581577684143,0.3774531591059488,0.3183049461049039,5601,1.5932090545938749,0.8404581577684143,0.3774531591059488,0.35891013919720477,False,0.3457380153654003,False,0.34600328900942656,False,False,270,0.00018518518518518534,0.14
nms040,0.5,0.4217878858412069,7510,1.096671105193076,0.8732435552135437,0.4395982103173427,0.4140653953076348,6309,1.096671105193076,0.8732435552135437,0.4395982103173427,0.4180504196606517,5601,1.096671105193076,0.8732435552135437,0.4395982103173427,0.44570818491736747,False,0.440163340223737,False,0.4457487625651744,False,False,270,0.00018518518518518534,0.14
nms040,0.525,0.4637643828536979,7510,0.8821571238348869,0.8890842122886322,0.4754906318211898,0.4592172321911388,6309,0.8821571238348869,0.8890842122886322,0.4754906318211898,0.4650985211024503,5601,0.8821571238348869,0.8890842122886322,0.4754906318211898,0.4876846819298585,False,0.485315177107241,False,0.492796864006973,False,False,270,0.00018518518518518534,0.14
nms040,0.5750000000000001,0.5274085253406452,7510,0.5245006657789614,0.9194527943070976,0.5558979525319269,0.5262729412936329,6309,0.5245006657789614,0.9194527943070976,0.5558979525319269,0.5329364864626197,5601,0.5245006657789614,0.9194527943070976,0.5558979525319269,0.5513288244168058,False,0.5523708862097351,False,0.5606348293671424,False,False,270,0.00018518518518518534,0.14
nms040,0.625,0.592552270806724,7510,0.2680426098535286,0.9460480823349684,0.651367447924383,0.5948873960036966,6309,0.2680426098535286,0.9460480823349684,0.651367447924383,0.6004876689361036,5601,0.2680426098535286,0.9460480823349684,0.651367447924383,0.6164725698828846,False,0.6209853409197987,False,0.6281860118406263,False,False,270,0.00018518518518518534,0.14
nms040,0.675,0.6629864094941628,7510,0.1083888149134487,0.9667130121861456,0.7665116003437139,0.6695699554631034,6309,0.1083888149134487,0.9667130121861456,0.7665116003437139,0.6726395361424327,5601,0.1083888149134487,0.9667130121861456,0.7665116003437139,0.6869067085703233,False,0.6956679003792056,False,0.7003378790469553,False,False,270,0.00018518518518518534,0.14
nms040,0.7250000000000001,0.7311577288358562,7510,0.0299600532623169,0.9822792785697408,0.876816103193181,0.7412374326845785,6309,0.0299600532623169,0.9822792785697408,0.876816103193181,0.7425569578184528,5601,0.0299600532623169,0.9822792785697408,0.876816103193181,0.7550780279120167,False,0.7673353776006807,False,0.7702553007229754,False,False,270,0.00018518518518518534,0.14
nms040,0.775,0.7688913477996936,7510,0.0075898801597869,0.9896551724137932,0.9461416140725156,0.7745652754933545,6309,0.0075898801597869,0.9896551724137932,0.9461416140725156,0.774797250570044,5601,0.0075898801597869,0.9896551724137932,0.9461416140725156,0.7928116468758541,False,0.8006632204094567,False,0.8024955934745667,False,False,270,0.00018518518518518534,0.14
nms040,0.8250000000000001,0.7894399947914157,7510,0.0011984021304926,0.9931506849315068,0.9871107292067912,0.78987116383683,6309,0.0011984021304926,0.9931506849315068,0.9871107292067912,0.7896084960398211,5601,0.0011984021304926,0.9931506849315068,0.9871107292067912,0.8133602938675762,False,0.8159691087529322,False,0.8173068389443437,False,False,270,0.00018518518518518534,0.14
nms040,0.8500000000000001,0.7965934514513877,7510,0.0001331557922769,0.997979797979798,0.9951208430867088,0.7965840481274942,6309,0.0001331557922769,0.997979797979798,0.9951208430867088,0.7967926645075638,5601,0.0001331557922769,0.997979797979798,0.9951208430867088,0.8205137505275483,False,0.8226819930435963,False,0.8244910074120865,False,False,270,0.00018518518518518534,0.14
nms040,0.9,0.7997453101356399,7510,0.0,1.0,0.9992987446541626,0.7997202519342324,6309,0.0,1.0,0.9992987446541626,0.7998517726261825,5601,0.0,1.0,0.9992987446541626,0.8236656092118004,False,0.8258181968503345,False,0.8275501155307051,False,False,270,0.00018518518518518534,0.14
nms040,0.95,0.8000000000000002,7510,0.0,,1.0,0.8000000000000002,6309,0.0,,1.0,0.8,5601,0.0,,1.0,0.8239202990761607,False,0.8260979449161023,False,0.8276983429045227,False,False,270,0.00018518518518518534,0.14
nms040,1.0,0.8000000000000002,7510,0.0,,1.0,0.8000000000000002,6309,0.0,,1.0,0.8,5601,0.0,,1.0,0.8239202990761607,False,0.8260979449161023,False,0.8276983429045227,False,False,270,0.00018518518518518534,0.14
nms040_cap300,0.0,0.1049012172788175,7510,106.88348868175764,0.0983659958192317,0.1350657303426274,0.0860046328063018,6309,106.88348868175764,0.0983659958192317,0.1350657303426274,0.0756631453935737,5601,106.88348868175764,0.0983659958192317,0.1350657303426274,0.12882151635497804,True,0.11210257772240396,True,0.1033614882980964,True,True,270,0.00018518518518518534,0.14
nms040_cap300,0.003,0.0919917313350981,7510,78.1797603195739,0.1295949287522904,0.1365867630645846,0.0744519079201666,6309,78.1797603195739,0.1295949287522904,0.1365867630645846,0.0667640285522273,5601,78.1797603195739,0.1295949287522904,0.1365867630645846,0.11591203041125864,True,0.10054985283626876,True,0.09446237145674999,True,True,270,0.00018518518518518534,0.14
nms040_cap300,0.0075,0.0846456198595988,7510,55.97536617842877,0.1716863018638166,0.139411538119648,0.0706327777977154,6309,55.97536617842877,0.1716863018638166,0.139411538119648,0.0649337729686451,5601,55.97536617842877,0.1716863018638166,0.139411538119648,0.10856591893575934,True,0.09673072271381757,True,0.09263211587316779,True,True,270,0.00018518518518518534,0.14
nms040_cap300,0.015,0.081700270486061,7510,41.3404793608522,0.2184102209075461,0.1431054747301154,0.0707452827487402,6309,41.3404793608522,0.2184102209075461,0.1431054747301154,0.0662963764601803,5601,41.3404793608522,0.2184102209075461,0.1431054747301154,0.10562056956222154,True,0.09684322766484237,True,0.093994719364703,True,True,270,0.00018518518518518534,0.14
nms040_cap300,0.02,0.0813304632139247,7510,35.87430093209055,0.2430667741781412,0.1455055458433336,0.0712735447301711,6309,35.87430093209055,0.2430667741781412,0.1455055458433336,0.067316142492955,5601,35.87430093209055,0.2430667741781412,0.1455055458433336,0.10525076229008525,True,0.09737148964627326,True,0.0950144853974777,True,True,270,0.00018518518518518534,0.14
nms040_cap300,0.03,0.0828202443478494,7510,28.85539280958722,0.2840870047836774,0.1506711309964739,0.0737955529761101,6309,28.85539280958722,0.2840870047836774,0.1506711309964739,0.0702377764439824,5601,28.85539280958722,0.2840870047836774,0.1506711309964739,0.10674054342400995,True,0.09989349789221226,True,0.09793611934850509,True,True,270,0.00018518518518518534,0.14
nms040_cap300,0.04,0.0842170906048425,7510,24.400399467376836,0.3182394850903138,0.1551552144754906,0.0753511203079931,6309,24.400399467376836,0.3182394850903138,0.1551552144754906,0.072134237079647,5601,24.400399467376836,0.3182394850903138,0.1551552144754906,0.10813738968100305,True,0.10144906522409526,True,0.0998325799841697,True,True,270,0.00018518518518518534,0.14
nms040_cap300,0.05,0.0865314668192872,7510,21.22796271637816,0.3480019467267589,0.1595701601035092,0.0776791331271653,6309,21.22796271637816,0.3480019467267589,0.1595701601035092,0.0746654769434375,5601,21.22796271637816,0.3480019467267589,0.1595701601035092,0.11045176589544774,True,0.10377707804326747,True,0.1023638198479602,True,True,270,0.00018518518518518534,0.14
nms040_cap300,0.075,0.094018605085975,7510,16.159920106524634,0.4092486674617275,0.1696149021699408,0.0849667750312264,6309,16.159920106524634,0.4092486674617275,0.1696149021699408,0.0821107984200043,5601,16.159920106524634,0.4092486674617275,0.1696149021699408,0.11793890416213554,True,0.11106471994732857,True,0.10980914132452699,True,True,270,0.00018518518518518534,0.14
nms040_cap300,0.125,0.1096636272786142,7510,10.785352862849534,0.5032900183357965,0.1893982043912412,0.0987157722424877,6309,10.785352862849534,0.5032900183357965,0.1893982043912412,0.0950519688687503,5601,10.785352862849534,0.5032900183357965,0.1893982043912412,0.13358392635477476,True,0.12481371715858987,True,0.12275031177327299,True,True,270,0.00018518518518518534,0.14
nms040_cap300,0.15,0.1196123154377156,7510,9.134487350199734,0.5413610745254825,0.2002429701620788,0.1075554969247347,6309,9.134487350199734,0.5413610745254825,0.2002429701620788,0.1033828191958458,5601,9.134487350199734,0.5413610745254825,0.2002429701620788,0.14353261451387614,False,0.13365344184083686,True,0.1310811621003685,True,False,270,0.00018518518518518534,0.14
nms040_cap300,0.175,0.128464982810689,7510,7.834753661784288,0.5758220210074038,0.2110976127687734,0.1153284742521039,6309,7.834753661784288,0.5758220210074038,0.2110976127687734,0.1107228018920212,5601,7.834753661784288,0.5758220210074038,0.2110976127687734,0.15238528188684955,False,0.14142641916820606,False,0.13842114479654388,True,False,270,0.00018518518518518534,0.14
nms040_cap300,0.225,0.1482910699442574,7510,5.874300932090546,0.6371442671492021,0.2349007871838178,0.1324248922217205,6309,5.874300932090546,0.6371442671492021,0.2349007871838178,0.1262437541621171,5601,5.874300932090546,0.6371442671492021,0.2349007871838178,0.17221136902041795,False,0.15852283713782264,False,0.1539420970666398,False,False,270,0.00018518518518518534,0.14
nms040_cap300,0.275,0.1710793670883167,7510,4.444873501997336,0.6909510054438396,0.262881863166316,0.151865558791994,6309,4.444873501997336,0.6909510054438396,0.262881863166316,0.1445190152166174,5601,4.444873501997336,0.6909510054438396,0.262881863166316,0.19499966616447725,False,0.17796350370809616,False,0.17221735812114009,False,False,270,0.00018518518518518534,0.14
nms040_cap300,0.325,0.2003201428164713,7510,3.358988015978695,0.7390746697835103,0.2942704475194326,0.1796535419190668,6309,3.358988015978695,0.7390746697835103,0.2942704475194326,0.1724353973376691,5601,3.358988015978695,0.7390746697835103,0.2942704475194326,0.22424044189263187,False,0.20575148683516895,False,0.2001337402421918,False,False,270,0.00018518518518518534,0.14
nms040_cap300,0.35,0.2176385130744265,7510,2.900133155792277,0.7616989616727026,0.3124043181526366,0.1964619521782938,6309,2.900133155792277,0.7616989616727026,0.3124043181526366,0.1888790201581056,5601,2.900133155792277,0.7616989616727026,0.3124043181526366,0.24155881215058705,False,0.22255989709439594,False,0.2165773630626283,False,False,270,0.00018518518518518534,0.14
nms040_cap300,0.4,0.2652228941482313,7510,2.1362183754993342,0.8031074729077945,0.353679615198475,0.2449278112179509,6309,2.1362183754993342,0.8031074729077945,0.353679615198475,0.2394504225175636,5601,2.1362183754993342,0.8031074729077945,0.353679615198475,0.28914319322439186,False,0.27102575613405305,False,0.26714876542208627,False,False,270,0.00018518518518518534,0.14
nms040_cap300,0.45,0.3353646059653444,7510,1.529693741677763,0.8402158643615172,0.4033502227226486,0.3200878579305843,6309,1.529693741677763,0.8402158643615172,0.4033502227226486,0.318671001753836,5601,1.529693741677763,0.8402158643615172,0.4033502227226486,0.35928490504150495,False,0.3461858028466865,False,0.34636934465835867,False,False,270,0.00018518518518518534,0.14
nms040_cap300,0.5,0.4221133419811343,7510,1.0529960053262315,0.8731004380827062,0.4626112378638379,0.4144532418357688,6309,1.0529960053262315,0.8731004380827062,0.4626112378638379,0.4183712543653569,5601,1.0529960053262315,0.8731004380827062,0.4626112378638379,0.44603364105729487,False,0.440551186751871,False,0.44606959726987955,False,False,270,0.00018518518518518534,0.14
nms040_cap300,0.525,0.4640335288908633,7510,0.8571238348868175,0.8881960607218536,0.4949282447874998,0.4595372564276719,6309,0.8571238348868175,0.8881960607218536,0.4949282447874998,0.4653580191180519,5601,0.8571238348868175,0.8881960607218536,0.4949282447874998,0.48795382796702386,False,0.4856352013437741,False,0.4930563620225746,False,False,270,0.00018518518518518534,0.14
nms040_cap300,0.5750000000000001,0.5275761522434376,7510,0.5159786950732357,0.9185975673802071,0.5681057216510119,0.5264721209115035,6309,0.5159786950732357,0.9185975673802071,0.5681057216510119,0.5330819870238903,5601,0.5159786950732357,0.9185975673802071,0.5681057216510119,0.5514964513195981,False,0.5525700658276057,False,0.560780329928413,False,False,270,0.00018518518518518534,0.14
nms040_cap300,0.625,0.5926326612451437,7510,0.2653794940079893,0.9456548414364792,0.6574713324839254,0.5949827325644362,6309,0.2653794940079893,0.9456548414364792,0.6574713324839254,0.6005437641434669,5601,0.2653794940079893,0.9456548414364792,0.6574713324839254,0.6165529603213042,False,0.6210806774805384,False,0.6282421070479896,False,False,270,0.00018518518518518534,0.14
nms040_cap300,0.675,0.6630177092292133,7510,0.1082556591211717,0.9665197875056624,0.768190662439381,0.6696068562682082,6309,0.1082556591211717,0.9665197875056624,0.768190662439381,0.6726438783678924,5601,0.1082556591211717,0.9665197875056624,0.768190662439381,0.6869380083053739,False,0.6957048011843103,False,0.7003422212724151,False,False,270,0.00018518518518518534,0.14
nms040_cap300,0.7250000000000001,0.7311798308857307,7510,0.0299600532623169,0.9821073558648112,0.8780210771677186,0.7412634763942488,6309,0.0299600532623169,0.9821073558648112,0.8780210771677186,0.7425586032820729,5601,0.0299600532623169,0.9821073558648112,0.8780210771677186,0.7551001299618912,False,0.767361421310351,False,0.7702569461865956,False,False,270,0.00018518518518518534,0.14
nms040_cap300,0.775,0.7688913477996936,7510,0.0075898801597869,0.9896551724137932,0.9461416140725156,0.7745652754933545,6309,0.0075898801597869,0.9896551724137932,0.9461416140725156,0.774797250570044,5601,0.0075898801597869,0.9896551724137932,0.9461416140725156,0.7928116468758541,False,0.8006632204094567,False,0.8024955934745667,False,False,270,0.00018518518518518534,0.14
nms040_cap300,0.8250000000000001,0.7894399947914157,7510,0.0011984021304926,0.9931506849315068,0.9871107292067912,0.78987116383683,6309,0.0011984021304926,0.9931506849315068,0.9871107292067912,0.7896084960398211,5601,0.0011984021304926,0.9931506849315068,0.9871107292067912,0.8133602938675762,False,0.8159691087529322,False,0.8173068389443437,False,False,270,0.00018518518518518534,0.14
nms040_cap300,0.8500000000000001,0.7965934514513877,7510,0.0001331557922769,0.997979797979798,0.9951208430867088,0.7965840481274942,6309,0.0001331557922769,0.997979797979798,0.9951208430867088,0.7967926645075638,5601,0.0001331557922769,0.997979797979798,0.9951208430867088,0.8205137505275483,False,0.8226819930435963,False,0.8244910074120865,False,False,270,0.00018518518518518534,0.14
nms040_cap300,0.9,0.7997453101356399,7510,0.0,1.0,0.9992987446541626,0.7997202519342324,6309,0.0,1.0,0.9992987446541626,0.7998517726261825,5601,0.0,1.0,0.9992987446541626,0.8236656092118004,False,0.8258181968503345,False,0.8275501155307051,False,False,270,0.00018518518518518534,0.14
nms040_cap300,0.95,0.8000000000000002,7510,0.0,,1.0,0.8000000000000002,6309,0.0,,1.0,0.8,5601,0.0,,1.0,0.8239202990761607,False,0.8260979449161023,False,0.8276983429045227,False,False,270,0.00018518518518518534,0.14
nms040_cap300,1.0,0.8000000000000002,7510,0.0,,1.0,0.8000000000000002,6309,0.0,,1.0,0.8,5601,0.0,,1.0,0.8239202990761607,False,0.8260979449161023,False,0.8276983429045227,False,False,270,0.00018518518518518534,0.14
nms040_cap300_sf003,0.0,0.0919917313350981,7510,78.1797603195739,0.1295949287522904,0.1365867630645846,0.0744519079201666,6309,78.1797603195739,0.1295949287522904,0.1365867630645846,0.0667640285522273,5601,78.1797603195739,0.1295949287522904,0.1365867630645846,0.11591203041125864,True,0.10054985283626876,True,0.09446237145674999,True,True,270,0.00018518518518518534,0.14
nms040_cap300_sf003,0.003,0.0919917313350981,7510,78.1797603195739,0.1295949287522904,0.1365867630645846,0.0744519079201666,6309,78.1797603195739,0.1295949287522904,0.1365867630645846,0.0667640285522273,5601,78.1797603195739,0.1295949287522904,0.1365867630645846,0.11591203041125864,True,0.10054985283626876,True,0.09446237145674999,True,True,270,0.00018518518518518534,0.14
nms040_cap300_sf003,0.0075,0.0846456198595988,7510,55.97536617842877,0.1716863018638166,0.139411538119648,0.0706327777977154,6309,55.97536617842877,0.1716863018638166,0.139411538119648,0.0649337729686451,5601,55.97536617842877,0.1716863018638166,0.139411538119648,0.10856591893575934,True,0.09673072271381757,True,0.09263211587316779,True,True,270,0.00018518518518518534,0.14
nms040_cap300_sf003,0.015,0.081700270486061,7510,41.3404793608522,0.2184102209075461,0.1431054747301154,0.0707452827487402,6309,41.3404793608522,0.2184102209075461,0.1431054747301154,0.0662963764601803,5601,41.3404793608522,0.2184102209075461,0.1431054747301154,0.10562056956222154,True,0.09684322766484237,True,0.093994719364703,True,True,270,0.00018518518518518534,0.14
nms040_cap300_sf003,0.02,0.0813304632139247,7510,35.87430093209055,0.2430667741781412,0.1455055458433336,0.0712735447301711,6309,35.87430093209055,0.2430667741781412,0.1455055458433336,0.067316142492955,5601,35.87430093209055,0.2430667741781412,0.1455055458433336,0.10525076229008525,True,0.09737148964627326,True,0.0950144853974777,True,True,270,0.00018518518518518534,0.14
nms040_cap300_sf003,0.03,0.0828202443478494,7510,28.85539280958722,0.2840870047836774,0.1506711309964739,0.0737955529761101,6309,28.85539280958722,0.2840870047836774,0.1506711309964739,0.0702377764439824,5601,28.85539280958722,0.2840870047836774,0.1506711309964739,0.10674054342400995,True,0.09989349789221226,True,0.09793611934850509,True,True,270,0.00018518518518518534,0.14
nms040_cap300_sf003,0.04,0.0842170906048425,7510,24.400399467376836,0.3182394850903138,0.1551552144754906,0.0753511203079931,6309,24.400399467376836,0.3182394850903138,0.1551552144754906,0.072134237079647,5601,24.400399467376836,0.3182394850903138,0.1551552144754906,0.10813738968100305,True,0.10144906522409526,True,0.0998325799841697,True,True,270,0.00018518518518518534,0.14
nms040_cap300_sf003,0.05,0.0865314668192872,7510,21.22796271637816,0.3480019467267589,0.1595701601035092,0.0776791331271653,6309,21.22796271637816,0.3480019467267589,0.1595701601035092,0.0746654769434375,5601,21.22796271637816,0.3480019467267589,0.1595701601035092,0.11045176589544774,True,0.10377707804326747,True,0.1023638198479602,True,True,270,0.00018518518518518534,0.14
nms040_cap300_sf003,0.075,0.094018605085975,7510,16.159920106524634,0.4092486674617275,0.1696149021699408,0.0849667750312264,6309,16.159920106524634,0.4092486674617275,0.1696149021699408,0.0821107984200043,5601,16.159920106524634,0.4092486674617275,0.1696149021699408,0.11793890416213554,True,0.11106471994732857,True,0.10980914132452699,True,True,270,0.00018518518518518534,0.14
nms040_cap300_sf003,0.125,0.1096636272786142,7510,10.785352862849534,0.5032900183357965,0.1893982043912412,0.0987157722424877,6309,10.785352862849534,0.5032900183357965,0.1893982043912412,0.0950519688687503,5601,10.785352862849534,0.5032900183357965,0.1893982043912412,0.13358392635477476,True,0.12481371715858987,True,0.12275031177327299,True,True,270,0.00018518518518518534,0.14
nms040_cap300_sf003,0.15,0.1196123154377156,7510,9.134487350199734,0.5413610745254825,0.2002429701620788,0.1075554969247347,6309,9.134487350199734,0.5413610745254825,0.2002429701620788,0.1033828191958458,5601,9.134487350199734,0.5413610745254825,0.2002429701620788,0.14353261451387614,False,0.13365344184083686,True,0.1310811621003685,True,False,270,0.00018518518518518534,0.14
nms040_cap300_sf003,0.175,0.128464982810689,7510,7.834753661784288,0.5758220210074038,0.2110976127687734,0.1153284742521039,6309,7.834753661784288,0.5758220210074038,0.2110976127687734,0.1107228018920212,5601,7.834753661784288,0.5758220210074038,0.2110976127687734,0.15238528188684955,False,0.14142641916820606,False,0.13842114479654388,True,False,270,0.00018518518518518534,0.14
nms040_cap300_sf003,0.225,0.1482910699442574,7510,5.874300932090546,0.6371442671492021,0.2349007871838178,0.1324248922217205,6309,5.874300932090546,0.6371442671492021,0.2349007871838178,0.1262437541621171,5601,5.874300932090546,0.6371442671492021,0.2349007871838178,0.17221136902041795,False,0.15852283713782264,False,0.1539420970666398,False,False,270,0.00018518518518518534,0.14
nms040_cap300_sf003,0.275,0.1710793670883167,7510,4.444873501997336,0.6909510054438396,0.262881863166316,0.151865558791994,6309,4.444873501997336,0.6909510054438396,0.262881863166316,0.1445190152166174,5601,4.444873501997336,0.6909510054438396,0.262881863166316,0.19499966616447725,False,0.17796350370809616,False,0.17221735812114009,False,False,270,0.00018518518518518534,0.14
nms040_cap300_sf003,0.325,0.2003201428164713,7510,3.358988015978695,0.7390746697835103,0.2942704475194326,0.1796535419190668,6309,3.358988015978695,0.7390746697835103,0.2942704475194326,0.1724353973376691,5601,3.358988015978695,0.7390746697835103,0.2942704475194326,0.22424044189263187,False,0.20575148683516895,False,0.2001337402421918,False,False,270,0.00018518518518518534,0.14
nms040_cap300_sf003,0.35,0.2176385130744265,7510,2.900133155792277,0.7616989616727026,0.3124043181526366,0.1964619521782938,6309,2.900133155792277,0.7616989616727026,0.3124043181526366,0.1888790201581056,5601,2.900133155792277,0.7616989616727026,0.3124043181526366,0.24155881215058705,False,0.22255989709439594,False,0.2165773630626283,False,False,270,0.00018518518518518534,0.14
nms040_cap300_sf003,0.4,0.2652228941482313,7510,2.1362183754993342,0.8031074729077945,0.353679615198475,0.2449278112179509,6309,2.1362183754993342,0.8031074729077945,0.353679615198475,0.2394504225175636,5601,2.1362183754993342,0.8031074729077945,0.353679615198475,0.28914319322439186,False,0.27102575613405305,False,0.26714876542208627,False,False,270,0.00018518518518518534,0.14
nms040_cap300_sf003,0.45,0.3353646059653444,7510,1.529693741677763,0.8402158643615172,0.4033502227226486,0.3200878579305843,6309,1.529693741677763,0.8402158643615172,0.4033502227226486,0.318671001753836,5601,1.529693741677763,0.8402158643615172,0.4033502227226486,0.35928490504150495,False,0.3461858028466865,False,0.34636934465835867,False,False,270,0.00018518518518518534,0.14
nms040_cap300_sf003,0.5,0.4221133419811343,7510,1.0529960053262315,0.8731004380827062,0.4626112378638379,0.4144532418357688,6309,1.0529960053262315,0.8731004380827062,0.4626112378638379,0.4183712543653569,5601,1.0529960053262315,0.8731004380827062,0.4626112378638379,0.44603364105729487,False,0.440551186751871,False,0.44606959726987955,False,False,270,0.00018518518518518534,0.14
nms040_cap300_sf003,0.525,0.4640335288908633,7510,0.8571238348868175,0.8881960607218536,0.4949282447874998,0.4595372564276719,6309,0.8571238348868175,0.8881960607218536,0.4949282447874998,0.4653580191180519,5601,0.8571238348868175,0.8881960607218536,0.4949282447874998,0.48795382796702386,False,0.4856352013437741,False,0.4930563620225746,False,False,270,0.00018518518518518534,0.14
nms040_cap300_sf003,0.5750000000000001,0.5275761522434376,7510,0.5159786950732357,0.9185975673802071,0.5681057216510119,0.5264721209115035,6309,0.5159786950732357,0.9185975673802071,0.5681057216510119,0.5330819870238903,5601,0.5159786950732357,0.9185975673802071,0.5681057216510119,0.5514964513195981,False,0.5525700658276057,False,0.560780329928413,False,False,270,0.00018518518518518534,0.14
nms040_cap300_sf003,0.625,0.5926326612451437,7510,0.2653794940079893,0.9456548414364792,0.6574713324839254,0.5949827325644362,6309,0.2653794940079893,0.9456548414364792,0.6574713324839254,0.6005437641434669,5601,0.2653794940079893,0.9456548414364792,0.6574713324839254,0.6165529603213042,False,0.6210806774805384,False,0.6282421070479896,False,False,270,0.00018518518518518534,0.14
nms040_cap300_sf003,0.675,0.6630177092292133,7510,0.1082556591211717,0.9665197875056624,0.768190662439381,0.6696068562682082,6309,0.1082556591211717,0.9665197875056624,0.768190662439381,0.6726438783678924,5601,0.1082556591211717,0.9665197875056624,0.768190662439381,0.6869380083053739,False,0.6957048011843103,False,0.7003422212724151,False,False,270,0.00018518518518518534,0.14
nms040_cap300_sf003,0.7250000000000001,0.7311798308857307,7510,0.0299600532623169,0.9821073558648112,0.8780210771677186,0.7412634763942488,6309,0.0299600532623169,0.9821073558648112,0.8780210771677186,0.7425586032820729,5601,0.0299600532623169,0.9821073558648112,0.8780210771677186,0.7551001299618912,False,0.767361421310351,False,0.7702569461865956,False,False,270,0.00018518518518518534,0.14
nms040_cap300_sf003,0.775,0.7688913477996936,7510,0.0075898801597869,0.9896551724137932,0.9461416140725156,0.7745652754933545,6309,0.0075898801597869,0.9896551724137932,0.9461416140725156,0.774797250570044,5601,0.0075898801597869,0.9896551724137932,0.9461416140725156,0.7928116468758541,False,0.8006632204094567,False,0.8024955934745667,False,False,270,0.00018518518518518534,0.14
nms040_cap300_sf003,0.8250000000000001,0.7894399947914157,7510,0.0011984021304926,0.9931506849315068,0.9871107292067912,0.78987116383683,6309,0.0011984021304926,0.9931506849315068,0.9871107292067912,0.7896084960398211,5601,0.0011984021304926,0.9931506849315068,0.9871107292067912,0.8133602938675762,False,0.8159691087529322,False,0.8173068389443437,False,False,270,0.00018518518518518534,0.14
nms040_cap300_sf003,0.8500000000000001,0.7965934514513877,7510,0.0001331557922769,0.997979797979798,0.9951208430867088,0.7965840481274942,6309,0.0001331557922769,0.997979797979798,0.9951208430867088,0.7967926645075638,5601,0.0001331557922769,0.997979797979798,0.9951208430867088,0.8205137505275483,False,0.8226819930435963,False,0.8244910074120865,False,False,270,0.00018518518518518534,0.14
nms040_cap300_sf003,0.9,0.7997453101356399,7510,0.0,1.0,0.9992987446541626,0.7997202519342324,6309,0.0,1.0,0.9992987446541626,0.7998517726261825,5601,0.0,1.0,0.9992987446541626,0.8236656092118004,False,0.8258181968503345,False,0.8275501155307051,False,False,270,0.00018518518518518534,0.14
nms040_cap300_sf003,0.95,0.8000000000000002,7510,0.0,,1.0,0.8000000000000002,6309,0.0,,1.0,0.8,5601,0.0,,1.0,0.8239202990761607,False,0.8260979449161023,False,0.8276983429045227,False,False,270,0.00018518518518518534,0.14
nms040_cap300_sf003,1.0,0.8000000000000002,7510,0.0,,1.0,0.8000000000000002,6309,0.0,,1.0,0.8,5601,0.0,,1.0,0.8239202990761607,False,0.8260979449161023,False,0.8276983429045227,False,False,270,0.00018518518518518534,0.14
nms040,0.0,0.1056585174563546,7510,119.10213049267644,0.0922710956900847,0.10197833022213,0.0861020737281475,6309,119.10213049267644,0.0922710956900847,0.10197833022213,0.0752831458524942,5601,119.10213049267644,0.0922710956900847,0.10197833022213,0.12957881653251516,True,0.11220001864424967,True,0.10298148875701689,True,True,270,0.00018518518518518534,0.16
nms040,0.003,0.0925930828854358,7510,84.17416777629828,0.1255303343648368,0.1037265301687951,0.0744633604575288,6309,84.17416777629828,0.1255303343648368,0.1037265301687951,0.0664630854915777,5601,84.17416777629828,0.1255303343648368,0.1037265301687951,0.11651338196159634,True,0.10056130537363096,True,0.0941614283961004,True,True,270,0.00018518518518518534,0.16
nms040,0.0075,0.084859598692429,7510,58.71304926764314,0.1701655961291269,0.1069562554939899,0.0704590586293928,6309,58.71304926764314,0.1701655961291269,0.1069562554939899,0.0646445930695511,5601,58.71304926764314,0.1701655961291269,0.1069562554939899,0.10877989776858954,True,0.09655700354549497,True,0.0923429359740738,True,True,270,0.00018518518518518534,0.16
nms040,0.015,0.0816348557099245,7510,42.714247669773634,0.2191293637096126,0.110897113000879,0.0704944250986647,6309,42.714247669773634,0.2191293637096126,0.110897113000879,0.0660375748119128,5601,42.714247669773634,0.2191293637096126,0.110897113000879,0.10555515478608504,True,0.09659237001476687,True,0.0937359177164355,True,True,270,0.00018518518518518534,0.16
nms040,0.02,0.0811513369310318,7510,36.89054593874834,0.2447077361787742,0.1134453366519501,0.0709739304197097,6309,36.89054593874834,0.2447077361787742,0.1134453366519501,0.0670206281515682,5601,36.89054593874834,0.2447077361787742,0.1134453366519501,0.10507163600719234,True,0.09707187533581187,True,0.0947189710560909,True,True,270,0.00018518518518518534,0.16
nms040,0.03,0.0825378966213445,7510,29.595073235685756,0.2864627643351771,0.1186899364919454,0.0734179364340316,6309,29.595073235685756,0.2864627643351771,0.1186899364919454,0.0698918657681566,5601,29.595073235685756,0.2864627643351771,0.1186899364919454,0.10645819569750505,True,0.09951588135013377,True,0.0975902086726793,True,True,270,0.00018518518518518534,0.16
nms040,0.04,0.0838915349637836,7510,25.01011984021305,0.320932485881834,0.123253034657817,0.0749331577210202,6309,25.01011984021305,0.320932485881834,0.123253034657817,0.0717621155578844,5601,25.01011984021305,0.320932485881834,0.123253034657817,0.10781183403994414,True,0.10103110263712237,True,0.0994604584624071,True,True,270,0.00018518518518518534,0.16
nms040,0.05,0.0861796669433178,7510,21.758189081225037,0.3508475720942797,0.1277272413009768,0.0772394842297434,6309,21.758189081225037,0.3508475720942797,0.1277272413009768,0.0742861793378365,5601,21.758189081225037,0.3508475720942797,0.1277272413009768,0.11009996601947834,True,0.10333742914584557,True,0.1019845222423592,True,True,270,0.00018518518518518534,0.16
nms040,0.075,0.0936147888424493,7510,16.553262316910786,0.4124777874399788,0.1379793969204026,0.0844789051948499,6309,16.553262316910786,0.4124777874399788,0.1379793969204026,0.0817019030314296,5601,16.553262316910786,0.4124777874399788,0.1379793969204026,0.11753508791860984,True,0.11057685011095206,True,0.1094002459359523,True,True,270,0.00018518518518518534,0.16
nms040,0.125,0.1092405663620944,7510,11.077762982689746,0.5060794604478852,0.1580787578891226,0.0982021688353313,6309,11.077762982689746,0.5060794604478852,0.1580787578891226,0.0946264621743797,5601,11.077762982689746,0.5060794604478852,0.1580787578891226,0.13316086543825495,True,0.12430011375143346,True,0.1223248050789024,True,True,270,0.00018518518518518534,0.16
nms040,0.15,0.1191862060006451,7510,9.400665778961384,0.5437307326909281,0.1690420456902426,0.1070395486700483,6309,9.400665778961384,0.5437307326909281,0.1690420456902426,0.1029551992453694,5601,9.400665778961384,0.5437307326909281,0.1690420456902426,0.14310650507680564,True,0.13313749358615046,True,0.13065354214989208,True,True,270,0.00018518518518518534,0.16
nms040,0.175,0.1280342342668114,7510,8.074434087882823,0.5778962682463333,0.1800250871630764,0.1148094693565221,6309,8.074434087882823,0.5778962682463333,0.1800250871630764,0.110293543063565,5601,8.074434087882823,0.5778962682463333,0.1800250871630764,0.15195453334297196,True,0.14090741427262427,True,0.13799188596808767,True,True,270,0.00018518518518518534,0.16
nms040,0.225,0.1478570904648937,7510,6.065113182423436,0.6387952705328184,0.2043813643861052,0.1319007490414055,6309,6.065113182423436,0.6387952705328184,0.2043813643861052,0.125812879395655,5601,6.065113182423436,0.6387952705328184,0.2043813643861052,0.17177738954105426,False,0.15799869395750765,True,0.1535112223001777,True,False,270,0.00018518518518518534,0.16
nms040,0.275,0.1706503843025583,7510,4.600932090545939,0.6920656988298621,0.2330044346992997,0.1513473681244025,6309,4.600932090545939,0.6920656988298621,0.2330044346992997,0.1440956973321217,5601,4.600932090545939,0.6920656988298621,0.2330044346992997,0.19457068337871886,False,0.17744531304050465,False,0.1717940402366444,False,False,270,0.00018518518518518534,0.16
nms040,0.325,0.1998967236881856,7510,3.48814913448735,0.7396282675678362,0.2650251365472557,0.1791432274180892,6309,3.48814913448735,0.7396282675678362,0.2650251365472557,0.1720208806918088,5601,3.48814913448735,0.7396282675678362,0.2650251365472557,0.22381702276434615,False,0.20524117233419134,False,0.19971922359633149,False,False,270,0.00018518518518518534,0.16
nms040,0.35,0.2172216174462925,7510,3.015978695073236,0.7620273379632062,0.283642972137446,0.1959604747341143,6309,3.015978695073236,0.7620273379632062,0.283642972137446,0.188473199977675,5601,3.015978695073236,0.7620273379632062,0.283642972137446,0.24114191652245306,False,0.22205841965021644,False,0.2161715428821977,False,False,270,0.00018518518518518534,0.16
nms040,0.4,0.2648208373892419,7510,2.2246338215712385,0.8033105331936286,0.3260639821426808,0.2444455347822565,6309,2.2246338215712385,0.8033105331936286,0.3260639821426808,0.2390616189392444,5601,2.2246338215712385,0.8033105331936286,0.3260639821426808,0.28874113646540245,False,0.2705434796983587,False,0.2667599618437671,False,False,270,0.00018518518518518534,0.16
nms040,0.45,0.3349898401210442,7510,1.5932090545938749,0.8404581577684143,0.3774531591059488,0.3196400704492981,6309,1.5932090545938749,0.8404581577684143,0.3774531591059488,0.3183049461049039,5601,1.5932090545938749,0.8404581577684143,0.3774531591059488,0.35891013919720477,False,0.3457380153654003,False,0.34600328900942656,False,False,270,0.00018518518518518534,0.16
nms040,0.5,0.4217878858412069,7510,1.096671105193076,0.8732435552135437,0.4395982103173427,0.4140653953076348,6309,1.096671105193076,0.8732435552135437,0.4395982103173427,0.4180504196606517,5601,1.096671105193076,0.8732435552135437,0.4395982103173427,0.44570818491736747,False,0.440163340223737,False,0.4457487625651744,False,False,270,0.00018518518518518534,0.16
nms040,0.525,0.4637643828536979,7510,0.8821571238348869,0.8890842122886322,0.4754906318211898,0.4592172321911388,6309,0.8821571238348869,0.8890842122886322,0.4754906318211898,0.4650985211024503,5601,0.8821571238348869,0.8890842122886322,0.4754906318211898,0.4876846819298585,False,0.485315177107241,False,0.492796864006973,False,False,270,0.00018518518518518534,0.16
nms040,0.5750000000000001,0.5274085253406452,7510,0.5245006657789614,0.9194527943070976,0.5558979525319269,0.5262729412936329,6309,0.5245006657789614,0.9194527943070976,0.5558979525319269,0.5329364864626197,5601,0.5245006657789614,0.9194527943070976,0.5558979525319269,0.5513288244168058,False,0.5523708862097351,False,0.5606348293671424,False,False,270,0.00018518518518518534,0.16
nms040,0.625,0.592552270806724,7510,0.2680426098535286,0.9460480823349684,0.651367447924383,0.5948873960036966,6309,0.2680426098535286,0.9460480823349684,0.651367447924383,0.6004876689361036,5601,0.2680426098535286,0.9460480823349684,0.651367447924383,0.6164725698828846,False,0.6209853409197987,False,0.6281860118406263,False,False,270,0.00018518518518518534,0.16
nms040,0.675,0.6629864094941628,7510,0.1083888149134487,0.9667130121861456,0.7665116003437139,0.6695699554631034,6309,0.1083888149134487,0.9667130121861456,0.7665116003437139,0.6726395361424327,5601,0.1083888149134487,0.9667130121861456,0.7665116003437139,0.6869067085703233,False,0.6956679003792056,False,0.7003378790469553,False,False,270,0.00018518518518518534,0.16
nms040,0.7250000000000001,0.7311577288358562,7510,0.0299600532623169,0.9822792785697408,0.876816103193181,0.7412374326845785,6309,0.0299600532623169,0.9822792785697408,0.876816103193181,0.7425569578184528,5601,0.0299600532623169,0.9822792785697408,0.876816103193181,0.7550780279120167,False,0.7673353776006807,False,0.7702553007229754,False,False,270,0.00018518518518518534,0.16
nms040,0.775,0.7688913477996936,7510,0.0075898801597869,0.9896551724137932,0.9461416140725156,0.7745652754933545,6309,0.0075898801597869,0.9896551724137932,0.9461416140725156,0.774797250570044,5601,0.0075898801597869,0.9896551724137932,0.9461416140725156,0.7928116468758541,False,0.8006632204094567,False,0.8024955934745667,False,False,270,0.00018518518518518534,0.16
nms040,0.8250000000000001,0.7894399947914157,7510,0.0011984021304926,0.9931506849315068,0.9871107292067912,0.78987116383683,6309,0.0011984021304926,0.9931506849315068,0.9871107292067912,0.7896084960398211,5601,0.0011984021304926,0.9931506849315068,0.9871107292067912,0.8133602938675762,False,0.8159691087529322,False,0.8173068389443437,False,False,270,0.00018518518518518534,0.16
nms040,0.8500000000000001,0.7965934514513877,7510,0.0001331557922769,0.997979797979798,0.9951208430867088,0.7965840481274942,6309,0.0001331557922769,0.997979797979798,0.9951208430867088,0.7967926645075638,5601,0.0001331557922769,0.997979797979798,0.9951208430867088,0.8205137505275483,False,0.8226819930435963,False,0.8244910074120865,False,False,270,0.00018518518518518534,0.16
nms040,0.9,0.7997453101356399,7510,0.0,1.0,0.9992987446541626,0.7997202519342324,6309,0.0,1.0,0.9992987446541626,0.7998517726261825,5601,0.0,1.0,0.9992987446541626,0.8236656092118004,False,0.8258181968503345,False,0.8275501155307051,False,False,270,0.00018518518518518534,0.16
nms040,0.95,0.8000000000000002,7510,0.0,,1.0,0.8000000000000002,6309,0.0,,1.0,0.8,5601,0.0,,1.0,0.8239202990761607,False,0.8260979449161023,False,0.8276983429045227,False,False,270,0.00018518518518518534,0.16
nms040,1.0,0.8000000000000002,7510,0.0,,1.0,0.8000000000000002,6309,0.0,,1.0,0.8,5601,0.0,,1.0,0.8239202990761607,False,0.8260979449161023,False,0.8276983429045227,False,False,270,0.00018518518518518534,0.16
nms040_cap300,0.0,0.1049012172788175,7510,106.88348868175764,0.0983659958192317,0.1350657303426274,0.0860046328063018,6309,106.88348868175764,0.0983659958192317,0.1350657303426274,0.0756631453935737,5601,106.88348868175764,0.0983659958192317,0.1350657303426274,0.12882151635497804,True,0.11210257772240396,True,0.1033614882980964,True,True,270,0.00018518518518518534,0.16
nms040_cap300,0.003,0.0919917313350981,7510,78.1797603195739,0.1295949287522904,0.1365867630645846,0.0744519079201666,6309,78.1797603195739,0.1295949287522904,0.1365867630645846,0.0667640285522273,5601,78.1797603195739,0.1295949287522904,0.1365867630645846,0.11591203041125864,True,0.10054985283626876,True,0.09446237145674999,True,True,270,0.00018518518518518534,0.16
nms040_cap300,0.0075,0.0846456198595988,7510,55.97536617842877,0.1716863018638166,0.139411538119648,0.0706327777977154,6309,55.97536617842877,0.1716863018638166,0.139411538119648,0.0649337729686451,5601,55.97536617842877,0.1716863018638166,0.139411538119648,0.10856591893575934,True,0.09673072271381757,True,0.09263211587316779,True,True,270,0.00018518518518518534,0.16
nms040_cap300,0.015,0.081700270486061,7510,41.3404793608522,0.2184102209075461,0.1431054747301154,0.0707452827487402,6309,41.3404793608522,0.2184102209075461,0.1431054747301154,0.0662963764601803,5601,41.3404793608522,0.2184102209075461,0.1431054747301154,0.10562056956222154,True,0.09684322766484237,True,0.093994719364703,True,True,270,0.00018518518518518534,0.16
nms040_cap300,0.02,0.0813304632139247,7510,35.87430093209055,0.2430667741781412,0.1455055458433336,0.0712735447301711,6309,35.87430093209055,0.2430667741781412,0.1455055458433336,0.067316142492955,5601,35.87430093209055,0.2430667741781412,0.1455055458433336,0.10525076229008525,True,0.09737148964627326,True,0.0950144853974777,True,True,270,0.00018518518518518534,0.16
nms040_cap300,0.03,0.0828202443478494,7510,28.85539280958722,0.2840870047836774,0.1506711309964739,0.0737955529761101,6309,28.85539280958722,0.2840870047836774,0.1506711309964739,0.0702377764439824,5601,28.85539280958722,0.2840870047836774,0.1506711309964739,0.10674054342400995,True,0.09989349789221226,True,0.09793611934850509,True,True,270,0.00018518518518518534,0.16
nms040_cap300,0.04,0.0842170906048425,7510,24.400399467376836,0.3182394850903138,0.1551552144754906,0.0753511203079931,6309,24.400399467376836,0.3182394850903138,0.1551552144754906,0.072134237079647,5601,24.400399467376836,0.3182394850903138,0.1551552144754906,0.10813738968100305,True,0.10144906522409526,True,0.0998325799841697,True,True,270,0.00018518518518518534,0.16
nms040_cap300,0.05,0.0865314668192872,7510,21.22796271637816,0.3480019467267589,0.1595701601035092,0.0776791331271653,6309,21.22796271637816,0.3480019467267589,0.1595701601035092,0.0746654769434375,5601,21.22796271637816,0.3480019467267589,0.1595701601035092,0.11045176589544774,True,0.10377707804326747,True,0.1023638198479602,True,True,270,0.00018518518518518534,0.16
nms040_cap300,0.075,0.094018605085975,7510,16.159920106524634,0.4092486674617275,0.1696149021699408,0.0849667750312264,6309,16.159920106524634,0.4092486674617275,0.1696149021699408,0.0821107984200043,5601,16.159920106524634,0.4092486674617275,0.1696149021699408,0.11793890416213554,True,0.11106471994732857,True,0.10980914132452699,True,True,270,0.00018518518518518534,0.16
nms040_cap300,0.125,0.1096636272786142,7510,10.785352862849534,0.5032900183357965,0.1893982043912412,0.0987157722424877,6309,10.785352862849534,0.5032900183357965,0.1893982043912412,0.0950519688687503,5601,10.785352862849534,0.5032900183357965,0.1893982043912412,0.13358392635477476,True,0.12481371715858987,True,0.12275031177327299,True,True,270,0.00018518518518518534,0.16
nms040_cap300,0.15,0.1196123154377156,7510,9.134487350199734,0.5413610745254825,0.2002429701620788,0.1075554969247347,6309,9.134487350199734,0.5413610745254825,0.2002429701620788,0.1033828191958458,5601,9.134487350199734,0.5413610745254825,0.2002429701620788,0.14353261451387614,True,0.13365344184083686,True,0.1310811621003685,True,True,270,0.00018518518518518534,0.16
nms040_cap300,0.175,0.128464982810689,7510,7.834753661784288,0.5758220210074038,0.2110976127687734,0.1153284742521039,6309,7.834753661784288,0.5758220210074038,0.2110976127687734,0.1107228018920212,5601,7.834753661784288,0.5758220210074038,0.2110976127687734,0.15238528188684955,True,0.14142641916820606,True,0.13842114479654388,True,True,270,0.00018518518518518534,0.16
nms040_cap300,0.225,0.1482910699442574,7510,5.874300932090546,0.6371442671492021,0.2349007871838178,0.1324248922217205,6309,5.874300932090546,0.6371442671492021,0.2349007871838178,0.1262437541621171,5601,5.874300932090546,0.6371442671492021,0.2349007871838178,0.17221136902041795,False,0.15852283713782264,True,0.1539420970666398,True,False,270,0.00018518518518518534,0.16
nms040_cap300,0.275,0.1710793670883167,7510,4.444873501997336,0.6909510054438396,0.262881863166316,0.151865558791994,6309,4.444873501997336,0.6909510054438396,0.262881863166316,0.1445190152166174,5601,4.444873501997336,0.6909510054438396,0.262881863166316,0.19499966616447725,False,0.17796350370809616,False,0.17221735812114009,False,False,270,0.00018518518518518534,0.16
nms040_cap300,0.325,0.2003201428164713,7510,3.358988015978695,0.7390746697835103,0.2942704475194326,0.1796535419190668,6309,3.358988015978695,0.7390746697835103,0.2942704475194326,0.1724353973376691,5601,3.358988015978695,0.7390746697835103,0.2942704475194326,0.22424044189263187,False,0.20575148683516895,False,0.2001337402421918,False,False,270,0.00018518518518518534,0.16
nms040_cap300,0.35,0.2176385130744265,7510,2.900133155792277,0.7616989616727026,0.3124043181526366,0.1964619521782938,6309,2.900133155792277,0.7616989616727026,0.3124043181526366,0.1888790201581056,5601,2.900133155792277,0.7616989616727026,0.3124043181526366,0.24155881215058705,False,0.22255989709439594,False,0.2165773630626283,False,False,270,0.00018518518518518534,0.16
nms040_cap300,0.4,0.2652228941482313,7510,2.1362183754993342,0.8031074729077945,0.353679615198475,0.2449278112179509,6309,2.1362183754993342,0.8031074729077945,0.353679615198475,0.2394504225175636,5601,2.1362183754993342,0.8031074729077945,0.353679615198475,0.28914319322439186,False,0.27102575613405305,False,0.26714876542208627,False,False,270,0.00018518518518518534,0.16
nms040_cap300,0.45,0.3353646059653444,7510,1.529693741677763,0.8402158643615172,0.4033502227226486,0.3200878579305843,6309,1.529693741677763,0.8402158643615172,0.4033502227226486,0.318671001753836,5601,1.529693741677763,0.8402158643615172,0.4033502227226486,0.35928490504150495,False,0.3461858028466865,False,0.34636934465835867,False,False,270,0.00018518518518518534,0.16
nms040_cap300,0.5,0.4221133419811343,7510,1.0529960053262315,0.8731004380827062,0.4626112378638379,0.4144532418357688,6309,1.0529960053262315,0.8731004380827062,0.4626112378638379,0.4183712543653569,5601,1.0529960053262315,0.8731004380827062,0.4626112378638379,0.44603364105729487,False,0.440551186751871,False,0.44606959726987955,False,False,270,0.00018518518518518534,0.16
nms040_cap300,0.525,0.4640335288908633,7510,0.8571238348868175,0.8881960607218536,0.4949282447874998,0.4595372564276719,6309,0.8571238348868175,0.8881960607218536,0.4949282447874998,0.4653580191180519,5601,0.8571238348868175,0.8881960607218536,0.4949282447874998,0.48795382796702386,False,0.4856352013437741,False,0.4930563620225746,False,False,270,0.00018518518518518534,0.16
nms040_cap300,0.5750000000000001,0.5275761522434376,7510,0.5159786950732357,0.9185975673802071,0.5681057216510119,0.5264721209115035,6309,0.5159786950732357,0.9185975673802071,0.5681057216510119,0.5330819870238903,5601,0.5159786950732357,0.9185975673802071,0.5681057216510119,0.5514964513195981,False,0.5525700658276057,False,0.560780329928413,False,False,270,0.00018518518518518534,0.16
nms040_cap300,0.625,0.5926326612451437,7510,0.2653794940079893,0.9456548414364792,0.6574713324839254,0.5949827325644362,6309,0.2653794940079893,0.9456548414364792,0.6574713324839254,0.6005437641434669,5601,0.2653794940079893,0.9456548414364792,0.6574713324839254,0.6165529603213042,False,0.6210806774805384,False,0.6282421070479896,False,False,270,0.00018518518518518534,0.16
nms040_cap300,0.675,0.6630177092292133,7510,0.1082556591211717,0.9665197875056624,0.768190662439381,0.6696068562682082,6309,0.1082556591211717,0.9665197875056624,0.768190662439381,0.6726438783678924,5601,0.1082556591211717,0.9665197875056624,0.768190662439381,0.6869380083053739,False,0.6957048011843103,False,0.7003422212724151,False,False,270,0.00018518518518518534,0.16
nms040_cap300,0.7250000000000001,0.7311798308857307,7510,0.0299600532623169,0.9821073558648112,0.8780210771677186,0.7412634763942488,6309,0.0299600532623169,0.9821073558648112,0.8780210771677186,0.7425586032820729,5601,0.0299600532623169,0.9821073558648112,0.8780210771677186,0.7551001299618912,False,0.767361421310351,False,0.7702569461865956,False,False,270,0.00018518518518518534,0.16
nms040_cap300,0.775,0.7688913477996936,7510,0.0075898801597869,0.9896551724137932,0.9461416140725156,0.7745652754933545,6309,0.0075898801597869,0.9896551724137932,0.9461416140725156,0.774797250570044,5601,0.0075898801597869,0.9896551724137932,0.9461416140725156,0.7928116468758541,False,0.8006632204094567,False,0.8024955934745667,False,False,270,0.00018518518518518534,0.16
nms040_cap300,0.8250000000000001,0.7894399947914157,7510,0.0011984021304926,0.9931506849315068,0.9871107292067912,0.78987116383683,6309,0.0011984021304926,0.9931506849315068,0.9871107292067912,0.7896084960398211,5601,0.0011984021304926,0.9931506849315068,0.9871107292067912,0.8133602938675762,False,0.8159691087529322,False,0.8173068389443437,False,False,270,0.00018518518518518534,0.16
nms040_cap300,0.8500000000000001,0.7965934514513877,7510,0.0001331557922769,0.997979797979798,0.9951208430867088,0.7965840481274942,6309,0.0001331557922769,0.997979797979798,0.9951208430867088,0.7967926645075638,5601,0.0001331557922769,0.997979797979798,0.9951208430867088,0.8205137505275483,False,0.8226819930435963,False,0.8244910074120865,False,False,270,0.00018518518518518534,0.16
nms040_cap300,0.9,0.7997453101356399,7510,0.0,1.0,0.9992987446541626,0.7997202519342324,6309,0.0,1.0,0.9992987446541626,0.7998517726261825,5601,0.0,1.0,0.9992987446541626,0.8236656092118004,False,0.8258181968503345,False,0.8275501155307051,False,False,270,0.00018518518518518534,0.16
nms040_cap300,0.95,0.8000000000000002,7510,0.0,,1.0,0.8000000000000002,6309,0.0,,1.0,0.8,5601,0.0,,1.0,0.8239202990761607,False,0.8260979449161023,False,0.8276983429045227,False,False,270,0.00018518518518518534,0.16
nms040_cap300,1.0,0.8000000000000002,7510,0.0,,1.0,0.8000000000000002,6309,0.0,,1.0,0.8,5601,0.0,,1.0,0.8239202990761607,False,0.8260979449161023,False,0.8276983429045227,False,False,270,0.00018518518518518534,0.16
nms040_cap300_sf003,0.0,0.0919917313350981,7510,78.1797603195739,0.1295949287522904,0.1365867630645846,0.0744519079201666,6309,78.1797603195739,0.1295949287522904,0.1365867630645846,0.0667640285522273,5601,78.1797603195739,0.1295949287522904,0.1365867630645846,0.11591203041125864,True,0.10054985283626876,True,0.09446237145674999,True,True,270,0.00018518518518518534,0.16
nms040_cap300_sf003,0.003,0.0919917313350981,7510,78.1797603195739,0.1295949287522904,0.1365867630645846,0.0744519079201666,6309,78.1797603195739,0.1295949287522904,0.1365867630645846,0.0667640285522273,5601,78.1797603195739,0.1295949287522904,0.1365867630645846,0.11591203041125864,True,0.10054985283626876,True,0.09446237145674999,True,True,270,0.00018518518518518534,0.16
nms040_cap300_sf003,0.0075,0.0846456198595988,7510,55.97536617842877,0.1716863018638166,0.139411538119648,0.0706327777977154,6309,55.97536617842877,0.1716863018638166,0.139411538119648,0.0649337729686451,5601,55.97536617842877,0.1716863018638166,0.139411538119648,0.10856591893575934,True,0.09673072271381757,True,0.09263211587316779,True,True,270,0.00018518518518518534,0.16
nms040_cap300_sf003,0.015,0.081700270486061,7510,41.3404793608522,0.2184102209075461,0.1431054747301154,0.0707452827487402,6309,41.3404793608522,0.2184102209075461,0.1431054747301154,0.0662963764601803,5601,41.3404793608522,0.2184102209075461,0.1431054747301154,0.10562056956222154,True,0.09684322766484237,True,0.093994719364703,True,True,270,0.00018518518518518534,0.16
nms040_cap300_sf003,0.02,0.0813304632139247,7510,35.87430093209055,0.2430667741781412,0.1455055458433336,0.0712735447301711,6309,35.87430093209055,0.2430667741781412,0.1455055458433336,0.067316142492955,5601,35.87430093209055,0.2430667741781412,0.1455055458433336,0.10525076229008525,True,0.09737148964627326,True,0.0950144853974777,True,True,270,0.00018518518518518534,0.16
nms040_cap300_sf003,0.03,0.0828202443478494,7510,28.85539280958722,0.2840870047836774,0.1506711309964739,0.0737955529761101,6309,28.85539280958722,0.2840870047836774,0.1506711309964739,0.0702377764439824,5601,28.85539280958722,0.2840870047836774,0.1506711309964739,0.10674054342400995,True,0.09989349789221226,True,0.09793611934850509,True,True,270,0.00018518518518518534,0.16
nms040_cap300_sf003,0.04,0.0842170906048425,7510,24.400399467376836,0.3182394850903138,0.1551552144754906,0.0753511203079931,6309,24.400399467376836,0.3182394850903138,0.1551552144754906,0.072134237079647,5601,24.400399467376836,0.3182394850903138,0.1551552144754906,0.10813738968100305,True,0.10144906522409526,True,0.0998325799841697,True,True,270,0.00018518518518518534,0.16
nms040_cap300_sf003,0.05,0.0865314668192872,7510,21.22796271637816,0.3480019467267589,0.1595701601035092,0.0776791331271653,6309,21.22796271637816,0.3480019467267589,0.1595701601035092,0.0746654769434375,5601,21.22796271637816,0.3480019467267589,0.1595701601035092,0.11045176589544774,True,0.10377707804326747,True,0.1023638198479602,True,True,270,0.00018518518518518534,0.16
nms040_cap300_sf003,0.075,0.094018605085975,7510,16.159920106524634,0.4092486674617275,0.1696149021699408,0.0849667750312264,6309,16.159920106524634,0.4092486674617275,0.1696149021699408,0.0821107984200043,5601,16.159920106524634,0.4092486674617275,0.1696149021699408,0.11793890416213554,True,0.11106471994732857,True,0.10980914132452699,True,True,270,0.00018518518518518534,0.16
nms040_cap300_sf003,0.125,0.1096636272786142,7510,10.785352862849534,0.5032900183357965,0.1893982043912412,0.0987157722424877,6309,10.785352862849534,0.5032900183357965,0.1893982043912412,0.0950519688687503,5601,10.785352862849534,0.5032900183357965,0.1893982043912412,0.13358392635477476,True,0.12481371715858987,True,0.12275031177327299,True,True,270,0.00018518518518518534,0.16
nms040_cap300_sf003,0.15,0.1196123154377156,7510,9.134487350199734,0.5413610745254825,0.2002429701620788,0.1075554969247347,6309,9.134487350199734,0.5413610745254825,0.2002429701620788,0.1033828191958458,5601,9.134487350199734,0.5413610745254825,0.2002429701620788,0.14353261451387614,True,0.13365344184083686,True,0.1310811621003685,True,True,270,0.00018518518518518534,0.16
nms040_cap300_sf003,0.175,0.128464982810689,7510,7.834753661784288,0.5758220210074038,0.2110976127687734,0.1153284742521039,6309,7.834753661784288,0.5758220210074038,0.2110976127687734,0.1107228018920212,5601,7.834753661784288,0.5758220210074038,0.2110976127687734,0.15238528188684955,True,0.14142641916820606,True,0.13842114479654388,True,True,270,0.00018518518518518534,0.16
nms040_cap300_sf003,0.225,0.1482910699442574,7510,5.874300932090546,0.6371442671492021,0.2349007871838178,0.1324248922217205,6309,5.874300932090546,0.6371442671492021,0.2349007871838178,0.1262437541621171,5601,5.874300932090546,0.6371442671492021,0.2349007871838178,0.17221136902041795,False,0.15852283713782264,True,0.1539420970666398,True,False,270,0.00018518518518518534,0.16
nms040_cap300_sf003,0.275,0.1710793670883167,7510,4.444873501997336,0.6909510054438396,0.262881863166316,0.151865558791994,6309,4.444873501997336,0.6909510054438396,0.262881863166316,0.1445190152166174,5601,4.444873501997336,0.6909510054438396,0.262881863166316,0.19499966616447725,False,0.17796350370809616,False,0.17221735812114009,False,False,270,0.00018518518518518534,0.16
nms040_cap300_sf003,0.325,0.2003201428164713,7510,3.358988015978695,0.7390746697835103,0.2942704475194326,0.1796535419190668,6309,3.358988015978695,0.7390746697835103,0.2942704475194326,0.1724353973376691,5601,3.358988015978695,0.7390746697835103,0.2942704475194326,0.22424044189263187,False,0.20575148683516895,False,0.2001337402421918,False,False,270,0.00018518518518518534,0.16
nms040_cap300_sf003,0.35,0.2176385130744265,7510,2.900133155792277,0.7616989616727026,0.3124043181526366,0.1964619521782938,6309,2.900133155792277,0.7616989616727026,0.3124043181526366,0.1888790201581056,5601,2.900133155792277,0.7616989616727026,0.3124043181526366,0.24155881215058705,False,0.22255989709439594,False,0.2165773630626283,False,False,270,0.00018518518518518534,0.16
nms040_cap300_sf003,0.4,0.2652228941482313,7510,2.1362183754993342,0.8031074729077945,0.353679615198475,0.2449278112179509,6309,2.1362183754993342,0.8031074729077945,0.353679615198475,0.2394504225175636,5601,2.1362183754993342,0.8031074729077945,0.353679615198475,0.28914319322439186,False,0.27102575613405305,False,0.26714876542208627,False,False,270,0.00018518518518518534,0.16
nms040_cap300_sf003,0.45,0.3353646059653444,7510,1.529693741677763,0.8402158643615172,0.4033502227226486,0.3200878579305843,6309,1.529693741677763,0.8402158643615172,0.4033502227226486,0.318671001753836,5601,1.529693741677763,0.8402158643615172,0.4033502227226486,0.35928490504150495,False,0.3461858028466865,False,0.34636934465835867,False,False,270,0.00018518518518518534,0.16
nms040_cap300_sf003,0.5,0.4221133419811343,7510,1.0529960053262315,0.8731004380827062,0.4626112378638379,0.4144532418357688,6309,1.0529960053262315,0.8731004380827062,0.4626112378638379,0.4183712543653569,5601,1.0529960053262315,0.8731004380827062,0.4626112378638379,0.44603364105729487,False,0.440551186751871,False,0.44606959726987955,False,False,270,0.00018518518518518534,0.16
nms040_cap300_sf003,0.525,0.4640335288908633,7510,0.8571238348868175,0.8881960607218536,0.4949282447874998,0.4595372564276719,6309,0.8571238348868175,0.8881960607218536,0.4949282447874998,0.4653580191180519,5601,0.8571238348868175,0.8881960607218536,0.4949282447874998,0.48795382796702386,False,0.4856352013437741,False,0.4930563620225746,False,False,270,0.00018518518518518534,0.16
nms040_cap300_sf003,0.5750000000000001,0.5275761522434376,7510,0.5159786950732357,0.9185975673802071,0.5681057216510119,0.5264721209115035,6309,0.5159786950732357,0.9185975673802071,0.5681057216510119,0.5330819870238903,5601,0.5159786950732357,0.9185975673802071,0.5681057216510119,0.5514964513195981,False,0.5525700658276057,False,0.560780329928413,False,False,270,0.00018518518518518534,0.16
nms040_cap300_sf003,0.625,0.5926326612451437,7510,0.2653794940079893,0.9456548414364792,0.6574713324839254,0.5949827325644362,6309,0.2653794940079893,0.9456548414364792,0.6574713324839254,0.6005437641434669,5601,0.2653794940079893,0.9456548414364792,0.6574713324839254,0.6165529603213042,False,0.6210806774805384,False,0.6282421070479896,False,False,270,0.00018518518518518534,0.16
nms040_cap300_sf003,0.675,0.6630177092292133,7510,0.1082556591211717,0.9665197875056624,0.768190662439381,0.6696068562682082,6309,0.1082556591211717,0.9665197875056624,0.768190662439381,0.6726438783678924,5601,0.1082556591211717,0.9665197875056624,0.768190662439381,0.6869380083053739,False,0.6957048011843103,False,0.7003422212724151,False,False,270,0.00018518518518518534,0.16
nms040_cap300_sf003,0.7250000000000001,0.7311798308857307,7510,0.0299600532623169,0.9821073558648112,0.8780210771677186,0.7412634763942488,6309,0.0299600532623169,0.9821073558648112,0.8780210771677186,0.7425586032820729,5601,0.0299600532623169,0.9821073558648112,0.8780210771677186,0.7551001299618912,False,0.767361421310351,False,0.7702569461865956,False,False,270,0.00018518518518518534,0.16
nms040_cap300_sf003,0.775,0.7688913477996936,7510,0.0075898801597869,0.9896551724137932,0.9461416140725156,0.7745652754933545,6309,0.0075898801597869,0.9896551724137932,0.9461416140725156,0.774797250570044,5601,0.0075898801597869,0.9896551724137932,0.9461416140725156,0.7928116468758541,False,0.8006632204094567,False,0.8024955934745667,False,False,270,0.00018518518518518534,0.16
nms040_cap300_sf003,0.8250000000000001,0.7894399947914157,7510,0.0011984021304926,0.9931506849315068,0.9871107292067912,0.78987116383683,6309,0.0011984021304926,0.9931506849315068,0.9871107292067912,0.7896084960398211,5601,0.0011984021304926,0.9931506849315068,0.9871107292067912,0.8133602938675762,False,0.8159691087529322,False,0.8173068389443437,False,False,270,0.00018518518518518534,0.16
nms040_cap300_sf003,0.8500000000000001,0.7965934514513877,7510,0.0001331557922769,0.997979797979798,0.9951208430867088,0.7965840481274942,6309,0.0001331557922769,0.997979797979798,0.9951208430867088,0.7967926645075638,5601,0.0001331557922769,0.997979797979798,0.9951208430867088,0.8205137505275483,False,0.8226819930435963,False,0.8244910074120865,False,False,270,0.00018518518518518534,0.16
nms040_cap300_sf003,0.9,0.7997453101356399,7510,0.0,1.0,0.9992987446541626,0.7997202519342324,6309,0.0,1.0,0.9992987446541626,0.7998517726261825,5601,0.0,1.0,0.9992987446541626,0.8236656092118004,False,0.8258181968503345,False,0.8275501155307051,False,False,270,0.00018518518518518534,0.16
nms040_cap300_sf003,0.95,0.8000000000000002,7510,0.0,,1.0,0.8000000000000002,6309,0.0,,1.0,0.8,5601,0.0,,1.0,0.8239202990761607,False,0.8260979449161023,False,0.8276983429045227,False,False,270,0.00018518518518518534,0.16
nms040_cap300_sf003,1.0,0.8000000000000002,7510,0.0,,1.0,0.8000000000000002,6309,0.0,,1.0,0.8,5601,0.0,,1.0,0.8239202990761607,False,0.8260979449161023,False,0.8276983429045227,False,False,270,0.00018518518518518534,0.16
