img_id,img_name,W,H,num_gt_valid,num_gt_ignore,num_small_lt24,num_tiny_lt16,ratio_small
0,0000001_02999_d_0000005.jpg,1920,1080,127,1,29,2,0.2283464566929134
1,0000001_03499_d_0000006.jpg,1920,1080,77,1,36,4,0.4675324675324675
2,0000001_03999_d_0000007.jpg,1920,1080,48,2,2,0,0.0416666666666666
3,0000001_04527_d_0000008.jpg,1920,1080,115,9,10,1,0.0869565217391304
4,0000001_05249_d_0000009.jpg,1920,1080,113,0,1,0,0.0088495575221238
5,0000001_05499_d_0000010.jpg,1920,1080,140,1,9,0,0.0642857142857142
6,0000001_05999_d_0000011.jpg,1920,1080,115,5,27,2,0.2347826086956521
7,0000001_07999_d_0000012.jpg,1920,1080,136,1,23,2,0.1691176470588235
8,0000001_08414_d_0000013.jpg,1920,1080,164,0,13,0,0.0792682926829268
9,0000021_00000_d_0000001.jpg,960,540,31,0,20,18,0.6451612903225806
10,0000021_00500_d_0000002.jpg,960,540,17,0,12,7,0.7058823529411765
11,0000021_00800_d_0000003.jpg,960,540,7,0,2,1,0.2857142857142857
12,0000022_00000_d_0000004.jpg,960,540,41,2,15,2,0.3658536585365853
13,0000022_00500_d_0000005.jpg,960,540,32,0,7,0,0.21875
14,0000022_01036_d_0000006.jpg,960,540,16,0,0,0,0.0
15,0000022_01251_d_0000007.jpg,960,540,12,0,0,0,0.0
16,0000023_00000_d_0000008.jpg,960,540,40,0,18,4,0.45
17,0000023_00300_d_0000009.jpg,960,540,30,0,8,3,0.2666666666666666
18,0000023_00868_d_0000010.jpg,960,540,20,0,3,0,0.15
19,0000023_01233_d_0000011.jpg,960,540,14,0,0,0,0.0
20,0000024_00000_d_0000012.jpg,960,540,21,0,5,0,0.238095238095238
21,0000024_00500_d_0000013.jpg,960,540,10,0,0,0,0.0
22,0000024_01000_d_0000014.jpg,960,540,12,3,6,6,0.5
23,0000024_01543_d_0000015.jpg,960,540,8,0,0,0,0.0
24,0000026_00000_d_0000024.jpg,1360,765,8,0,0,0,0.0
25,0000026_00500_d_0000025.jpg,1360,765,15,0,0,0,0.0
26,0000026_01000_d_0000026.jpg,1360,765,25,0,0,0,0.0
27,0000026_01500_d_0000027.jpg,1360,765,10,0,0,0,0.0
28,0000026_02000_d_0000028.jpg,1360,765,9,0,0,0,0.0
29,0000026_02500_d_0000029.jpg,1360,765,17,0,0,0,0.0
30,0000026_03000_d_0000030.jpg,1360,765,13,0,0,0,0.0
31,0000026_03500_d_0000031.jpg,1360,765,23,0,0,0,0.0
32,0000026_04000_d_0000032.jpg,1360,765,14,0,0,0,0.0
33,0000026_04500_d_0000033.jpg,1360,765,47,0,10,3,0.2127659574468085
34,0000026_04978_d_0000034.jpg,1360,765,45,1,6,0,0.1333333333333333
35,0000055_00000_d_0000109.jpg,960,540,101,0,4,0,0.0396039603960396
36,0000055_00714_d_0000110.jpg,960,540,85,2,5,2,0.0588235294117647
37,0000069_00001_d_0000001.jpg,1360,765,34,0,0,0,0.0
38,0000069_00483_d_0000002.jpg,1360,765,27,0,0,0,0.0
39,0000069_00713_d_0000003.jpg,1360,765,49,2,1,0,0.0204081632653061
40,0000069_01109_d_0000004.jpg,1360,765,31,0,0,0,0.0
41,0000069_01878_d_0000005.jpg,1360,765,36,0,0,0,0.0
42,0000069_02163_d_0000006.jpg,1360,765,49,0,2,0,0.0408163265306122
43,0000069_02480_d_0000007.jpg,1360,765,64,1,10,3,0.15625
44,0000072_02834_d_0000003.jpg,1360,765,73,4,0,0,0.0
45,0000076_02142_d_0000009.jpg,1360,765,11,0,1,1,0.0909090909090909
46,0000081_00000_d_0000001.jpg,960,540,86,7,27,6,0.313953488372093
47,0000086_00000_d_0000001.jpg,960,540,37,0,0,0,0.0
48,0000086_00592_d_0000002.jpg,960,540,65,0,16,4,0.2461538461538461
49,0000086_01084_d_0000003.jpg,960,540,146,3,79,23,0.541095890410959
50,0000086_01443_d_0000004.jpg,960,540,107,5,37,7,0.3457943925233644
51,0000086_01954_d_0000005.jpg,960,540,173,2,103,47,0.5953757225433526
52,0000103_00180_d_0000026.jpg,1360,765,1,0,0,0,0.0
53,0000103_00502_d_0000027.jpg,1360,765,3,0,0,0,0.0
54,0000103_01734_d_0000028.jpg,1360,765,4,0,0,0,0.0
55,0000103_02544_d_0000029.jpg,1360,765,14,0,0,0,0.0
56,0000103_02964_d_0000030.jpg,1360,765,10,0,0,0,0.0
57,0000103_03349_d_0000031.jpg,1360,765,4,0,0,0,0.0
58,0000103_03738_d_0000032.jpg,1360,765,3,0,0,0,0.0
59,0000103_04122_d_0000033.jpg,1360,765,4,0,0,0,0.0
60,0000103_04513_d_0000034.jpg,1360,765,2,0,0,0,0.0
61,0000103_04948_d_0000035.jpg,1360,765,1,0,0,0,0.0
62,0000115_00315_d_0000080.jpg,960,540,61,4,44,37,0.7213114754098361
63,0000115_00796_d_0000081.jpg,960,540,78,10,35,8,0.4487179487179487
64,0000115_01031_d_0000082.jpg,960,540,63,5,24,15,0.3809523809523809
65,0000116_00351_d_0000083.jpg,960,540,74,5,34,12,0.4594594594594595
66,0000116_00819_d_0000084.jpg,960,540,36,7,17,7,0.4722222222222222
67,0000116_01059_d_0000085.jpg,960,540,70,2,39,19,0.5571428571428572
68,0000116_01338_d_0000086.jpg,960,540,54,6,38,17,0.7037037037037037
69,0000117_00112_d_0000087.jpg,1360,765,129,2,27,0,0.2093023255813953
70,0000117_01326_d_0000088.jpg,1360,765,62,7,3,0,0.0483870967741935
71,0000117_01731_d_0000089.jpg,1360,765,47,1,5,1,0.1063829787234042
72,0000117_02708_d_0000090.jpg,1360,765,100,3,8,1,0.08
73,0000117_03096_d_0000091.jpg,1360,765,24,4,0,0,0.0
74,0000129_02411_d_0000138.jpg,1920,1080,186,4,66,37,0.3548387096774194
75,0000153_00001_d_0000001.jpg,960,540,55,3,28,20,0.509090909090909
76,0000153_00401_d_0000001.jpg,960,540,59,9,30,17,0.5084745762711864
77,0000153_00801_d_0000001.jpg,960,540,49,10,32,28,0.6530612244897959
78,0000153_01201_d_0000001.jpg,960,540,59,3,46,35,0.7796610169491526
79,0000153_01601_d_0000001.jpg,960,540,63,4,51,43,0.8095238095238095
80,0000153_01801_d_0000001.jpg,960,540,55,5,44,27,0.8
81,0000154_00001_d_0000001.jpg,960,540,51,8,33,27,0.6470588235294118
82,0000154_00401_d_0000001.jpg,960,540,60,2,40,28,0.6666666666666666
83,0000154_00801_d_0000001.jpg,960,540,72,3,52,43,0.7222222222222222
84,0000154_01201_d_0000001.jpg,960,540,81,10,53,36,0.654320987654321
85,0000154_01601_d_0000001.jpg,960,540,101,6,71,46,0.7029702970297029
86,0000154_02001_d_0000001.jpg,960,540,83,18,43,26,0.5180722891566265
87,0000155_00001_d_0000001.jpg,960,540,97,2,48,29,0.4948453608247423
88,0000155_00401_d_0000001.jpg,960,540,122,14,73,50,0.5983606557377049
89,0000155_00801_d_0000001.jpg,960,540,106,5,67,34,0.6320754716981132
90,0000155_01201_d_0000001.jpg,960,540,94,8,62,41,0.6595744680851063
91,0000155_01601_d_0000001.jpg,960,540,73,3,38,27,0.5205479452054794
92,0000155_01871_d_0000001.jpg,960,540,55,6,34,23,0.6181818181818182
93,0000162_00001_d_0000001.jpg,960,540,34,9,19,11,0.5588235294117647
94,0000162_00401_d_0000001.jpg,960,540,45,3,32,15,0.7111111111111111
95,0000162_00801_d_0000001.jpg,960,540,30,10,16,9,0.5333333333333333
96,0000162_01058_d_0000001.jpg,960,540,57,3,40,33,0.7017543859649122
97,0000163_00001_d_0000001.jpg,960,540,69,3,39,20,0.5652173913043478
98,0000163_00359_d_0000001.jpg,960,540,54,2,47,35,0.8703703703703703
99,0000165_04325_d_0000105.jpg,1920,1080,29,2,3,0,0.1034482758620689
100,0000166_00558_d_0000118.jpg,1920,1080,71,2,5,0,0.0704225352112676
101,0000193_00000_d_0000103.jpg,960,540,63,8,38,15,0.6031746031746031
102,0000193_01497_d_0000111.jpg,960,540,87,3,33,7,0.3793103448275862
103,0000193_01705_d_0000112.jpg,960,540,134,0,83,31,0.6194029850746269
104,0000193_01876_d_0000113.jpg,960,540,107,2,72,24,0.6728971962616822
105,0000193_02029_d_0000114.jpg,960,540,93,1,58,18,0.6236559139784946
106,0000193_02212_d_0000115.jpg,960,540,78,4,39,22,0.5
107,0000193_02416_d_0000116.jpg,960,540,50,0,27,17,0.54
108,0000193_02606_d_0000117.jpg,960,540,49,1,31,23,0.6326530612244898
109,0000193_02725_d_0000118.jpg,960,540,39,3,27,17,0.6923076923076923
110,0000194_00000_d_0000119.jpg,960,540,54,3,35,25,0.6481481481481481
111,0000194_00200_d_0000120.jpg,960,540,76,9,57,36,0.75
112,0000194_00399_d_0000121.jpg,960,540,143,2,107,49,0.7482517482517482
113,0000194_00625_d_0000122.jpg,960,540,83,4,47,16,0.5662650602409639
114,0000194_00800_d_0000123.jpg,960,540,54,2,29,19,0.5370370370370371
115,0000194_00998_d_0000124.jpg,960,540,42,1,26,7,0.6190476190476191
116,0000194_01192_d_0000125.jpg,960,540,23,2,17,4,0.7391304347826086
117,0000196_04512_d_0000144.jpg,1920,1080,69,1,16,0,0.2318840579710145
118,0000199_01269_d_0000166.jpg,960,540,16,2,6,4,0.375
119,0000213_02500_d_0000240.jpg,1360,765,94,7,47,28,0.5
120,0000213_02965_d_0000241.jpg,1360,765,94,3,31,8,0.3297872340425531
121,0000213_03478_d_0000242.jpg,1360,765,115,3,26,2,0.2260869565217391
122,0000213_03920_d_0000243.jpg,1360,765,164,5,40,4,0.2439024390243902
123,0000213_04405_d_0000244.jpg,1360,765,106,6,24,3,0.2264150943396226
124,0000213_04998_d_0000245.jpg,1360,765,137,3,33,2,0.2408759124087591
125,0000213_05340_d_0000246.jpg,1360,765,138,0,24,3,0.1739130434782608
126,0000213_05745_d_0000247.jpg,1360,765,101,1,11,2,0.1089108910891089
127,0000215_00000_d_0000256.jpg,1360,765,157,14,101,49,0.643312101910828
128,0000215_00447_d_0000257.jpg,1360,765,53,2,7,0,0.1320754716981132
129,0000215_00909_d_0000258.jpg,1360,765,93,0,20,4,0.2150537634408602
130,0000215_01395_d_0000259.jpg,1360,765,56,6,2,0,0.0357142857142857
131,0000215_01869_d_0000260.jpg,1360,765,78,0,18,4,0.2307692307692307
132,0000215_02319_d_0000261.jpg,1360,765,107,6,31,4,0.2897196261682243
133,0000215_02667_d_0000262.jpg,1360,765,83,5,16,2,0.1927710843373494
134,0000215_02932_d_0000263.jpg,1360,765,48,2,7,1,0.1458333333333333
135,0000215_03226_d_0000264.jpg,1360,765,23,1,1,0,0.0434782608695652
136,0000216_00520_d_0000001.jpg,1360,765,109,0,50,28,0.4587155963302752
137,0000220_01242_d_0000004.jpg,1920,1080,37,2,9,4,0.2432432432432432
138,0000223_01802_d_0000005.jpg,1920,1080,64,1,29,6,0.453125
139,0000237_00001_d_0000001.jpg,960,540,15,4,7,3,0.4666666666666667
140,0000242_00001_d_0000001.jpg,960,540,42,11,21,14,0.5
141,0000242_00500_d_0000002.jpg,960,540,53,3,28,20,0.5283018867924528
142,0000242_00627_d_0000003.jpg,960,540,45,9,32,17,0.7111111111111111
143,0000242_00843_d_0000004.jpg,960,540,2,0,0,0,0.0
144,0000242_00963_d_0000005.jpg,960,540,13,0,0,0,0.0
145,0000242_01139_d_0000006.jpg,960,540,72,5,51,37,0.7083333333333334
146,0000242_01475_d_0000007.jpg,960,540,65,3,28,17,0.4307692307692308
147,0000242_01912_d_0000008.jpg,960,540,50,4,44,33,0.88
148,0000242_02400_d_0000009.jpg,960,540,34,0,22,7,0.6470588235294118
149,0000242_02762_d_0000010.jpg,960,540,33,0,7,0,0.2121212121212121
150,0000242_03199_d_0000011.jpg,960,540,9,0,4,0,0.4444444444444444
151,0000242_03668_d_0000012.jpg,960,540,41,3,20,4,0.4878048780487805
152,0000242_04116_d_0000013.jpg,960,540,8,0,5,2,0.625
153,0000242_04600_d_0000014.jpg,960,540,29,1,11,2,0.3793103448275862
154,0000242_05059_d_0000015.jpg,960,540,37,1,27,24,0.7297297297297297
155,0000242_05570_d_0000016.jpg,960,540,32,3,22,16,0.6875
156,0000242_06010_d_0000017.jpg,960,540,41,3,38,30,0.926829268292683
157,0000242_06452_d_0000018.jpg,960,540,12,0,3,1,0.25
158,0000244_00001_d_0000001.jpg,960,540,46,5,34,20,0.7391304347826086
159,0000244_00500_d_0000002.jpg,960,540,32,14,19,17,0.59375
160,0000244_01000_d_0000003.jpg,960,540,122,0,100,77,0.819672131147541
161,0000244_01500_d_0000004.jpg,960,540,96,4,60,32,0.625
162,0000244_02000_d_0000005.jpg,960,540,129,2,88,65,0.6821705426356589
163,0000244_02500_d_0000006.jpg,960,540,113,2,82,59,0.7256637168141593
164,0000244_03000_d_0000007.jpg,960,540,44,1,33,25,0.75
165,0000244_03500_d_0000008.jpg,960,540,146,1,90,60,0.6164383561643836
166,0000244_04000_d_0000009.jpg,960,540,56,6,26,14,0.4642857142857143
167,0000244_04400_d_0000010.jpg,960,540,101,1,40,11,0.396039603960396
168,0000244_04900_d_0000011.jpg,960,540,106,2,38,15,0.3584905660377358
169,0000244_05400_d_0000012.jpg,960,540,90,4,62,28,0.6888888888888889
170,0000244_05900_d_0000013.jpg,960,540,66,3,55,40,0.8333333333333334
171,0000244_06388_d_0000014.jpg,960,540,46,9,38,27,0.8260869565217391
172,0000249_00001_d_0000001.jpg,960,540,80,1,66,53,0.825
173,0000249_00235_d_0000002.jpg,960,540,85,1,65,43,0.7647058823529411
174,0000249_00603_d_0000003.jpg,960,540,48,1,39,35,0.8125
175,0000249_01100_d_0000004.jpg,960,540,27,5,17,8,0.6296296296296297
176,0000249_01514_d_0000005.jpg,960,540,51,3,28,14,0.5490196078431373
177,0000249_01635_d_0000006.jpg,960,540,80,4,63,49,0.7875
178,0000249_02073_d_0000007.jpg,960,540,67,4,54,48,0.8059701492537313
179,0000249_02468_d_0000008.jpg,960,540,18,1,7,2,0.3888888888888889
180,0000249_02900_d_0000009.jpg,960,540,101,2,75,44,0.7425742574257426
181,0000249_03400_d_0000010.jpg,960,540,92,4,48,24,0.5217391304347826
182,0000249_03900_d_0000011.jpg,960,540,85,9,54,36,0.6352941176470588
183,0000253_00001_d_0000001.jpg,960,540,106,0,46,10,0.4339622641509434
184,0000256_00715_d_0000019.jpg,1360,765,90,10,42,24,0.4666666666666667
185,0000256_02173_d_0000030.jpg,1360,765,47,3,12,2,0.2553191489361702
186,0000263_02401_d_0000179.jpg,1360,765,17,0,0,0,0.0
187,0000269_00001_d_0000348.jpg,1360,765,128,4,97,59,0.7578125
188,0000269_00201_d_0000349.jpg,1360,765,47,7,13,1,0.2765957446808511
189,0000269_00601_d_0000351.jpg,1360,765,93,4,41,22,0.4408602150537634
190,0000271_00001_d_0000374.jpg,1360,765,58,0,7,0,0.1206896551724138
191,0000271_00201_d_0000375.jpg,1360,765,75,0,16,0,0.2133333333333333
192,0000271_00401_d_0000376.jpg,1360,765,25,0,5,2,0.2
193,0000271_00601_d_0000377.jpg,1360,765,79,2,22,3,0.2784810126582278
194,0000271_00801_d_0000378.jpg,1360,765,63,2,30,10,0.4761904761904761
195,0000271_01201_d_0000379.jpg,1360,765,59,1,18,5,0.3050847457627119
196,0000271_01401_d_0000380.jpg,1360,765,55,0,12,4,0.2181818181818181
197,0000271_01601_d_0000381.jpg,1360,765,48,0,14,2,0.2916666666666667
198,0000271_02401_d_0000385.jpg,1360,765,84,8,30,9,0.3571428571428571
199,0000271_02601_d_0000386.jpg,1360,765,79,2,17,1,0.2151898734177215
200,0000271_03001_d_0000387.jpg,1360,765,56,0,25,5,0.4464285714285714
201,0000271_03801_d_0000391.jpg,1360,765,57,0,20,5,0.3508771929824561
202,0000271_04401_d_0000394.jpg,1360,765,86,0,25,4,0.2906976744186046
203,0000271_04801_d_0000396.jpg,1360,765,50,0,24,5,0.48
204,0000271_05001_d_0000397.jpg,1360,765,90,0,42,10,0.4666666666666667
205,0000271_05201_d_0000398.jpg,1360,765,70,1,19,2,0.2714285714285714
206,0000271_05401_d_0000399.jpg,1360,765,71,0,35,6,0.4929577464788732
207,0000271_05601_d_0000400.jpg,1360,765,86,0,43,8,0.5
208,0000271_05801_d_0000401.jpg,1360,765,104,2,30,6,0.2884615384615384
209,0000271_06001_d_0000402.jpg,1360,765,158,1,43,12,0.2721518987341772
210,0000271_06201_d_0000403.jpg,1360,765,142,0,37,8,0.2605633802816901
211,0000271_06401_d_0000404.jpg,1360,765,128,1,28,11,0.21875
212,0000271_06601_d_0000405.jpg,1360,765,105,3,16,2,0.1523809523809524
213,0000271_06801_d_0000406.jpg,1360,765,95,1,29,7,0.3052631578947368
214,0000271_07001_d_0000407.jpg,1360,765,58,0,26,11,0.4482758620689655
215,0000271_07201_d_0000408.jpg,1360,765,25,0,19,0,0.76
216,0000271_07401_d_0000409.jpg,1360,765,42,0,7,4,0.1666666666666666
217,0000273_05601_d_0000466.jpg,1360,765,32,2,0,0,0.0
218,0000276_00001_d_0000507.jpg,1360,765,55,0,24,6,0.4363636363636363
219,0000276_00401_d_0000509.jpg,1360,765,62,0,35,30,0.5645161290322581
220,0000276_00601_d_0000510.jpg,1360,765,37,2,21,10,0.5675675675675675
221,0000276_01001_d_0000512.jpg,1360,765,42,2,17,10,0.4047619047619047
222,0000276_01201_d_0000513.jpg,1360,765,29,1,17,9,0.5862068965517241
223,0000276_01401_d_0000514.jpg,1360,765,25,0,9,9,0.36
224,0000276_01801_d_0000516.jpg,1360,765,21,1,16,13,0.7619047619047619
225,0000276_02001_d_0000517.jpg,1360,765,15,2,8,3,0.5333333333333333
226,0000276_02201_d_0000518.jpg,1360,765,41,2,23,18,0.5609756097560976
227,0000276_02401_d_0000519.jpg,1360,765,48,4,34,26,0.7083333333333334
228,0000276_02601_d_0000520.jpg,1360,765,32,1,23,14,0.71875
229,0000276_02801_d_0000521.jpg,1360,765,37,4,27,16,0.7297297297297297
230,0000276_03001_d_0000522.jpg,1360,765,38,1,23,16,0.6052631578947368
231,0000276_03201_d_0000523.jpg,1360,765,60,2,42,34,0.7
232,0000276_03401_d_0000524.jpg,1360,765,61,5,42,26,0.6885245901639344
233,0000276_03601_d_0000525.jpg,1360,765,46,2,17,4,0.3695652173913043
234,0000276_03801_d_0000526.jpg,1360,765,64,1,19,11,0.296875
235,0000276_04001_d_0000527.jpg,1360,765,54,0,33,26,0.6111111111111112
236,0000276_04201_d_0000528.jpg,1360,765,59,1,10,2,0.1694915254237288
237,0000276_04401_d_0000529.jpg,1360,765,40,0,1,1,0.025
238,0000276_04601_d_0000530.jpg,1360,765,10,0,7,2,0.7
239,0000276_04801_d_0000531.jpg,1360,765,10,0,4,3,0.4
240,0000276_05001_d_0000532.jpg,1360,765,7,0,4,3,0.5714285714285714
241,0000276_05201_d_0000533.jpg,1360,765,6,0,3,1,0.5
242,0000276_05601_d_0000535.jpg,1360,765,10,0,9,7,0.9
243,0000276_05801_d_0000536.jpg,1360,765,7,0,4,2,0.5714285714285714
244,0000276_06001_d_0000537.jpg,1360,765,14,0,8,6,0.5714285714285714
245,0000277_00001_d_0000539.jpg,1360,765,85,17,40,29,0.4705882352941176
246,0000277_00201_d_0000540.jpg,1360,765,83,4,31,16,0.3734939759036144
247,0000277_00401_d_0000541.jpg,1360,765,117,6,60,36,0.5128205128205128
248,0000277_01401_d_0000546.jpg,1360,765,78,9,23,12,0.2948717948717949
249,0000277_01601_d_0000547.jpg,1360,765,78,6,22,7,0.282051282051282
250,0000277_01801_d_0000548.jpg,1360,765,101,3,31,12,0.3069306930693069
251,0000277_02001_d_0000549.jpg,1360,765,83,0,7,4,0.0843373493975903
252,0000277_02201_d_0000550.jpg,1360,765,68,1,13,7,0.1911764705882352
253,0000277_02401_d_0000551.jpg,1360,765,90,2,35,14,0.3888888888888889
254,0000277_02601_d_0000552.jpg,1360,765,121,1,56,36,0.4628099173553719
255,0000277_03201_d_0000554.jpg,1360,765,85,0,31,8,0.3647058823529411
256,0000277_03401_d_0000555.jpg,1360,765,103,4,45,20,0.4368932038834951
257,0000277_03601_d_0000556.jpg,1360,765,59,7,8,1,0.135593220338983
258,0000277_04001_d_0000558.jpg,1360,765,74,4,24,4,0.3243243243243243
259,0000277_04201_d_0000559.jpg,1360,765,67,1,0,0,0.0
260,0000277_04401_d_0000560.jpg,1360,765,70,1,11,2,0.1571428571428571
261,0000277_04601_d_0000561.jpg,1360,765,95,1,26,12,0.2736842105263158
262,0000277_05001_d_0000562.jpg,1360,765,97,1,29,16,0.2989690721649484
263,0000280_00001_d_0000612.jpg,1360,765,87,1,27,5,0.3103448275862069
264,0000280_00201_d_0000613.jpg,1360,765,47,0,7,0,0.1489361702127659
265,0000280_00401_d_0000614.jpg,1360,765,59,2,15,1,0.2542372881355932
266,0000280_00601_d_0000615.jpg,1360,765,74,6,34,13,0.4594594594594595
267,0000280_00801_d_0000616.jpg,1360,765,70,4,26,14,0.3714285714285714
268,0000280_01001_d_0000617.jpg,1360,765,125,3,72,46,0.576
269,0000280_01201_d_0000618.jpg,1360,765,134,1,69,42,0.5149253731343284
270,0000280_01401_d_0000619.jpg,1360,765,110,1,41,12,0.3727272727272727
271,0000280_01601_d_0000620.jpg,1360,765,103,1,48,26,0.4660194174757281
272,0000280_01801_d_0000621.jpg,1360,765,90,6,55,31,0.6111111111111112
273,0000280_02001_d_0000622.jpg,1360,765,66,2,24,12,0.3636363636363636
274,0000280_02201_d_0000623.jpg,1360,765,80,8,37,23,0.4625
275,0000280_02401_d_0000624.jpg,1360,765,92,2,54,42,0.5869565217391305
276,0000280_02601_d_0000625.jpg,1360,765,73,9,33,23,0.4520547945205479
277,0000280_02801_d_0000626.jpg,1360,765,55,1,20,5,0.3636363636363636
278,0000280_03001_d_0000627.jpg,1360,765,88,3,38,22,0.4318181818181818
279,0000280_03201_d_0000628.jpg,1360,765,82,1,32,19,0.3902439024390244
280,0000280_03401_d_0000629.jpg,1360,765,83,1,37,22,0.4457831325301205
281,0000283_00401_d_0000676.jpg,1920,1080,6,1,1,0,0.1666666666666666
282,0000283_00601_d_0000677.jpg,1920,1080,9,0,5,4,0.5555555555555556
283,0000283_00801_d_0000678.jpg,1920,1080,8,0,6,6,0.75
284,0000283_01001_d_0000679.jpg,1920,1080,4,1,0,0,0.0
285,0000287_00001_d_0000759.jpg,1360,765,52,3,19,7,0.3653846153846153
286,0000287_00201_d_0000760.jpg,1360,765,51,3,14,4,0.2745098039215686
287,0000287_00401_d_0000761.jpg,1360,765,44,11,15,9,0.3409090909090909
288,0000287_00601_d_0000762.jpg,1360,765,93,1,63,45,0.6774193548387096
289,0000287_00801_d_0000763.jpg,1360,765,58,0,14,2,0.2413793103448276
290,0000287_01001_d_0000764.jpg,1360,765,71,0,31,9,0.4366197183098591
291,0000287_01201_d_0000765.jpg,1360,765,68,2,29,14,0.4264705882352941
292,0000287_01401_d_0000766.jpg,1360,765,68,1,30,13,0.4411764705882353
293,0000287_01601_d_0000767.jpg,1360,765,74,3,29,10,0.3918918918918919
294,0000287_01801_d_0000768.jpg,1360,765,56,2,13,2,0.2321428571428571
295,0000287_02001_d_0000769.jpg,1360,765,44,1,9,4,0.2045454545454545
296,0000287_02201_d_0000770.jpg,1360,765,27,4,7,5,0.2592592592592592
297,0000287_02401_d_0000771.jpg,1360,765,18,0,1,0,0.0555555555555555
298,0000287_02601_d_0000772.jpg,1360,765,44,0,14,5,0.3181818181818182
299,0000287_02801_d_0000773.jpg,1360,765,60,0,14,1,0.2333333333333333
300,0000287_03001_d_0000774.jpg,1360,765,18,0,4,4,0.2222222222222222
301,0000287_03401_d_0000776.jpg,1360,765,56,0,10,1,0.1785714285714285
302,0000287_04601_d_0000780.jpg,1360,765,88,2,45,23,0.5113636363636364
303,0000287_04801_d_0000781.jpg,1360,765,53,0,21,9,0.3962264150943396
304,0000287_05001_d_0000782.jpg,1360,765,62,0,28,11,0.4516129032258064
305,0000289_00001_d_0000811.jpg,1360,765,41,2,3,0,0.073170731707317
306,0000289_00201_d_0000812.jpg,1360,765,43,3,3,1,0.0697674418604651
307,0000289_00401_d_0000813.jpg,1360,765,53,0,1,0,0.0188679245283018
308,0000289_00601_d_0000814.jpg,1360,765,43,0,1,0,0.0232558139534883
309,0000289_00801_d_0000815.jpg,1360,765,39,0,2,0,0.0512820512820512
310,0000289_01001_d_0000816.jpg,1360,765,33,0,1,0,0.0303030303030303
311,0000289_01201_d_0000817.jpg,1360,765,43,1,2,0,0.0465116279069767
312,0000289_01401_d_0000818.jpg,1360,765,39,0,0,0,0.0
313,0000289_01601_d_0000819.jpg,1360,765,44,0,6,1,0.1363636363636363
314,0000289_02001_d_0000821.jpg,1360,765,43,0,3,0,0.0697674418604651
315,0000289_02201_d_0000822.jpg,1360,765,29,0,1,0,0.0344827586206896
316,0000289_02401_d_0000823.jpg,1360,765,49,3,9,3,0.1836734693877551
317,0000289_02601_d_0000824.jpg,1360,765,58,1,5,0,0.0862068965517241
318,0000289_03001_d_0000826.jpg,1360,765,61,1,6,0,0.0983606557377049
319,0000289_03201_d_0000827.jpg,1360,765,80,2,17,3,0.2125
320,0000289_03401_d_0000828.jpg,1360,765,54,6,18,0,0.3333333333333333
321,0000289_03601_d_0000829.jpg,1360,765,77,0,38,9,0.4935064935064935
322,0000289_03801_d_0000830.jpg,1360,765,100,2,37,2,0.37
323,0000289_04001_d_0000831.jpg,1360,765,80,2,16,2,0.2
324,0000289_04201_d_0000832.jpg,1360,765,88,2,10,1,0.1136363636363636
325,0000289_04401_d_0000833.jpg,1360,765,100,3,6,1,0.06
326,0000289_04601_d_0000834.jpg,1360,765,93,5,3,0,0.032258064516129
327,0000289_04801_d_0000835.jpg,1360,765,71,0,11,1,0.1549295774647887
328,0000289_05001_d_0000836.jpg,1360,765,65,6,3,0,0.0461538461538461
329,0000289_05201_d_0000837.jpg,1360,765,79,2,6,1,0.0759493670886076
330,0000289_05401_d_0000838.jpg,1360,765,81,2,7,1,0.0864197530864197
331,0000289_05601_d_0000839.jpg,1360,765,107,0,21,6,0.1962616822429906
332,0000289_05801_d_0000840.jpg,1360,765,78,0,17,3,0.2179487179487179
333,0000289_06001_d_0000841.jpg,1360,765,80,0,20,7,0.25
334,0000289_06201_d_0000842.jpg,1360,765,79,0,17,1,0.2151898734177215
335,0000289_06401_d_0000843.jpg,1360,765,79,2,19,4,0.240506329113924
336,0000289_06601_d_0000844.jpg,1360,765,88,0,27,11,0.3068181818181818
337,0000289_06801_d_0000845.jpg,1360,765,98,2,50,16,0.5102040816326531
338,0000289_07001_d_0000846.jpg,1360,765,74,0,30,9,0.4054054054054054
339,0000289_07201_d_0000847.jpg,1360,765,40,0,6,0,0.15
340,0000290_04001_d_0000867.jpg,1360,765,79,0,22,4,0.2784810126582278
341,0000291_00001_d_0000868.jpg,1360,765,178,4,92,54,0.5168539325842697
342,0000291_00201_d_0000869.jpg,1360,765,113,9,34,13,0.3008849557522124
343,0000291_00401_d_0000870.jpg,1360,765,166,2,87,50,0.5240963855421686
344,0000291_00601_d_0000871.jpg,1360,765,120,4,21,2,0.175
345,0000291_01001_d_0000873.jpg,1360,765,159,2,58,13,0.3647798742138364
346,0000291_01201_d_0000874.jpg,1360,765,212,1,51,7,0.240566037735849
347,0000291_01401_d_0000875.jpg,1360,765,154,3,43,5,0.2792207792207792
348,0000291_01601_d_0000876.jpg,1360,765,87,1,6,0,0.0689655172413793
349,0000291_01801_d_0000877.jpg,1360,765,113,2,17,1,0.1504424778761062
350,0000291_02001_d_0000878.jpg,1360,765,172,3,21,9,0.1220930232558139
351,0000291_02201_d_0000879.jpg,1360,765,149,1,20,4,0.1342281879194631
352,0000291_02601_d_0000881.jpg,1360,765,178,0,19,1,0.1067415730337078
353,0000291_03201_d_0000884.jpg,1360,765,229,12,46,20,0.2008733624454148
354,0000291_03401_d_0000885.jpg,1360,765,187,1,7,0,0.0374331550802139
355,0000291_03601_d_0000886.jpg,1360,765,112,3,1,0,0.0089285714285714
356,0000291_03801_d_0000887.jpg,1360,765,191,0,6,0,0.031413612565445
357,0000291_04001_d_0000888.jpg,1360,765,108,4,1,0,0.0092592592592592
358,0000291_04201_d_0000889.jpg,1360,765,111,0,2,0,0.018018018018018
359,0000291_04401_d_0000890.jpg,1360,765,126,1,6,1,0.0476190476190476
360,0000291_05001_d_0000892.jpg,1360,765,135,2,9,2,0.0666666666666666
361,0000291_05201_d_0000893.jpg,1360,765,207,4,43,20,0.2077294685990338
362,0000293_03601_d_0000940.jpg,1360,765,117,2,71,23,0.6068376068376068
363,0000295_00000_d_0000021.jpg,1360,765,130,9,83,42,0.6384615384615384
364,0000295_00200_d_0000022.jpg,1360,765,78,5,30,7,0.3846153846153846
365,0000295_00600_d_0000024.jpg,1360,765,186,16,118,73,0.6344086021505376
366,0000295_00800_d_0000025.jpg,1360,765,147,6,74,10,0.5034013605442177
367,0000295_01000_d_0000026.jpg,1360,765,251,6,155,94,0.6175298804780877
368,0000295_01200_d_0000027.jpg,1360,765,200,22,100,61,0.5
369,0000295_01400_d_0000028.jpg,1360,765,189,27,99,37,0.5238095238095238
370,0000295_01600_d_0000029.jpg,1360,765,138,5,51,6,0.3695652173913043
371,0000295_01800_d_0000030.jpg,1360,765,306,13,160,93,0.5228758169934641
372,0000295_02000_d_0000031.jpg,1360,765,311,30,158,72,0.5080385852090032
373,0000295_02200_d_0000032.jpg,1360,765,193,11,51,12,0.2642487046632124
374,0000295_02400_d_0000033.jpg,1360,765,317,13,140,41,0.4416403785488959
375,0000295_02900_d_0000034.jpg,1360,765,212,2,111,72,0.5235849056603774
376,0000296_00601_d_0000038.jpg,1360,765,91,1,20,3,0.2197802197802197
377,0000296_01001_d_0000040.jpg,1360,765,181,5,65,27,0.3591160220994475
378,0000300_03201_d_0000154.jpg,1360,765,66,2,16,10,0.2424242424242424
379,0000301_00001_d_0000156.jpg,1360,765,96,7,13,3,0.1354166666666666
380,0000301_00201_d_0000157.jpg,1360,765,90,1,24,10,0.2666666666666666
381,0000301_01001_d_0000161.jpg,1360,765,64,2,18,11,0.28125
382,0000301_01201_d_0000162.jpg,1360,765,61,5,19,6,0.3114754098360656
383,0000303_03401_d_0000200.jpg,1360,765,82,1,43,7,0.524390243902439
384,0000308_04401_d_0000327.jpg,1360,765,98,6,31,8,0.3163265306122449
385,0000312_00001_d_0000414.jpg,1360,765,112,0,31,1,0.2767857142857143
386,0000312_00201_d_0000415.jpg,1360,765,108,0,27,1,0.25
387,0000312_00601_d_0000417.jpg,1360,765,59,0,19,2,0.3220338983050847
388,0000312_01001_d_0000419.jpg,1360,765,80,1,16,1,0.2
389,0000312_01201_d_0000420.jpg,1360,765,82,0,15,1,0.1829268292682926
390,0000312_02201_d_0000425.jpg,1360,765,78,0,30,2,0.3846153846153846
391,0000312_02401_d_0000426.jpg,1360,765,80,1,18,2,0.225
392,0000312_04201_d_0000435.jpg,1360,765,80,1,16,2,0.2
393,0000313_06401_d_0000468.jpg,1360,765,91,6,67,49,0.7362637362637363
394,0000313_06601_d_0000469.jpg,1360,765,165,9,114,75,0.6909090909090909
395,0000313_07001_d_0000471.jpg,1360,765,5,0,0,0,0.0
396,0000315_01601_d_0000509.jpg,1360,765,98,6,53,20,0.5408163265306123
397,0000316_00001_d_0000519.jpg,1360,765,69,4,29,17,0.4202898550724637
398,0000316_00201_d_0000520.jpg,1360,765,54,5,19,10,0.3518518518518518
399,0000316_00401_d_0000521.jpg,1360,765,23,0,6,1,0.2608695652173913
400,0000316_00601_d_0000522.jpg,1360,765,35,4,21,15,0.6
401,0000316_00801_d_0000523.jpg,1360,765,27,10,15,8,0.5555555555555556
402,0000316_01001_d_0000524.jpg,1360,765,18,5,1,0,0.0555555555555555
403,0000316_01201_d_0000525.jpg,1360,765,43,4,10,1,0.2325581395348837
404,0000316_01401_d_0000526.jpg,1360,765,34,0,2,0,0.0588235294117647
405,0000316_01601_d_0000527.jpg,1360,765,29,0,3,1,0.1034482758620689
406,0000316_01801_d_0000528.jpg,1360,765,11,0,0,0,0.0
407,0000316_02001_d_0000529.jpg,1360,765,9,0,1,0,0.1111111111111111
408,0000316_02201_d_0000530.jpg,1360,765,7,0,0,0,0.0
409,0000323_02601_d_0000645.jpg,1360,765,91,3,18,5,0.1978021978021978
410,0000327_00001_d_0000711.jpg,1360,765,70,0,23,8,0.3285714285714285
411,0000327_00201_d_0000712.jpg,1360,765,60,1,23,12,0.3833333333333333
412,0000327_00401_d_0000713.jpg,1360,765,64,6,22,9,0.34375
413,0000327_00601_d_0000714.jpg,1360,765,84,1,33,7,0.3928571428571428
414,0000327_00801_d_0000715.jpg,1360,765,84,0,26,3,0.3095238095238095
415,0000327_01001_d_0000716.jpg,1360,765,83,0,18,7,0.216867469879518
416,0000327_01201_d_0000717.jpg,1360,765,69,1,21,3,0.3043478260869565
417,0000327_01401_d_0000718.jpg,1360,765,93,1,36,11,0.3870967741935484
418,0000327_01801_d_0000720.jpg,1360,765,62,0,20,4,0.3225806451612903
419,0000327_02601_d_0000724.jpg,1360,765,57,0,16,0,0.2807017543859649
420,0000327_02801_d_0000725.jpg,1360,765,73,0,23,6,0.3150684931506849
421,0000327_03001_d_0000726.jpg,1360,765,75,3,39,25,0.52
422,0000327_03201_d_0000727.jpg,1360,765,110,3,68,50,0.6181818181818182
423,0000327_03401_d_0000728.jpg,1360,765,75,4,40,27,0.5333333333333333
424,0000327_03601_d_0000729.jpg,1360,765,60,4,26,3,0.4333333333333333
425,0000327_03801_d_0000730.jpg,1360,765,103,5,54,11,0.5242718446601942
426,0000327_04001_d_0000731.jpg,1360,765,136,1,82,38,0.6029411764705882
427,0000327_04201_d_0000732.jpg,1360,765,110,1,40,10,0.3636363636363636
428,0000330_00001_d_0000800.jpg,1360,765,80,4,42,24,0.525
429,0000330_00201_d_0000801.jpg,1360,765,130,2,75,52,0.5769230769230769
430,0000330_00401_d_0000802.jpg,1360,765,112,5,57,25,0.5089285714285714
431,0000330_00601_d_0000803.jpg,1360,765,94,1,51,29,0.5425531914893617
432,0000330_00801_d_0000804.jpg,1360,765,93,1,41,25,0.4408602150537634
433,0000330_01001_d_0000805.jpg,1360,765,93,1,39,21,0.4193548387096774
434,0000330_01201_d_0000806.jpg,1360,765,110,8,59,32,0.5363636363636364
435,0000330_01401_d_0000807.jpg,1360,765,161,1,58,22,0.3602484472049689
436,0000330_01601_d_0000808.jpg,1360,765,99,2,51,25,0.5151515151515151
437,0000330_01801_d_0000809.jpg,1360,765,64,0,10,0,0.15625
438,0000330_02001_d_0000810.jpg,1360,765,57,2,12,5,0.2105263157894736
439,0000330_02201_d_0000811.jpg,1360,765,44,0,6,0,0.1363636363636363
440,0000330_02801_d_0000814.jpg,1360,765,45,0,5,0,0.1111111111111111
441,0000330_03001_d_0000815.jpg,1360,765,45,0,4,1,0.0888888888888888
442,0000330_03201_d_0000816.jpg,1360,765,69,0,6,0,0.0869565217391304
443,0000330_04001_d_0000820.jpg,1360,765,38,1,0,0,0.0
444,0000330_04201_d_0000821.jpg,1360,765,162,4,26,4,0.1604938271604938
445,0000330_04401_d_0000822.jpg,1360,765,38,0,7,2,0.1842105263157894
446,0000330_04601_d_0000823.jpg,1360,765,62,0,19,7,0.3064516129032258
447,0000333_00001_d_0000001.jpg,1360,765,68,3,29,16,0.4264705882352941
448,0000333_01765_d_0000010.jpg,1360,765,120,2,70,43,0.5833333333333334
449,0000333_01961_d_0000011.jpg,1360,765,65,0,16,11,0.2461538461538461
450,0000333_02157_d_0000012.jpg,1360,765,67,1,21,9,0.3134328358208955
451,0000333_02353_d_0000013.jpg,1360,765,70,2,34,26,0.4857142857142857
452,0000333_02549_d_0000014.jpg,1360,765,91,1,48,37,0.5274725274725275
453,0000333_02745_d_0000015.jpg,1360,765,52,0,24,18,0.4615384615384615
454,0000333_02941_d_0000016.jpg,1360,765,44,0,19,12,0.4318181818181818
455,0000333_03137_d_0000017.jpg,1360,765,39,1,18,10,0.4615384615384615
456,0000333_03333_d_0000018.jpg,1360,765,62,0,16,12,0.2580645161290322
457,0000333_03529_d_0000019.jpg,1360,765,95,1,41,28,0.431578947368421
458,0000333_03725_d_0000020.jpg,1360,765,83,0,28,18,0.3373493975903614
459,0000335_00001_d_0000043.jpg,1360,765,41,0,4,0,0.0975609756097561
460,0000335_00197_d_0000044.jpg,1360,765,37,0,7,2,0.1891891891891892
461,0000335_00393_d_0000045.jpg,1360,765,34,0,3,0,0.088235294117647
462,0000335_00589_d_0000046.jpg,1360,765,21,0,0,0,0.0
463,0000335_00785_d_0000047.jpg,1360,765,34,0,14,8,0.4117647058823529
464,0000335_00981_d_0000048.jpg,1360,765,78,1,58,44,0.7435897435897436
465,0000335_01765_d_0000052.jpg,1360,765,61,0,26,11,0.4262295081967213
466,0000335_01961_d_0000053.jpg,1360,765,69,0,33,7,0.4782608695652174
467,0000335_02353_d_0000055.jpg,1360,765,82,2,48,29,0.5853658536585366
468,0000335_02549_d_0000056.jpg,1360,765,87,4,49,28,0.5632183908045977
469,0000335_02745_d_0000057.jpg,1360,765,99,1,51,34,0.5151515151515151
470,0000335_03137_d_0000059.jpg,1360,765,103,1,63,45,0.6116504854368932
471,0000335_03333_d_0000060.jpg,1360,765,40,0,0,0,0.0
472,0000335_03725_d_0000062.jpg,1360,765,27,0,1,0,0.037037037037037
473,0000335_03921_d_0000063.jpg,1360,765,44,0,0,0,0.0
474,0000335_04117_d_0000064.jpg,1360,765,28,0,1,1,0.0357142857142857
475,0000335_04313_d_0000065.jpg,1360,765,38,0,4,2,0.1052631578947368
476,0000335_05097_d_0000069.jpg,1360,765,20,0,2,0,0.1
477,0000335_05685_d_0000072.jpg,1360,765,15,0,0,0,0.0
478,0000335_06469_d_0000076.jpg,1360,765,8,0,0,0,0.0
479,0000335_06665_d_0000077.jpg,1360,765,21,0,0,0,0.0
480,0000335_06861_d_0000078.jpg,1360,765,24,0,4,0,0.1666666666666666
481,0000342_00393_d_0000244.jpg,1360,765,133,8,65,27,0.4887218045112781
482,0000345_07057_d_0000345.jpg,1360,765,108,0,42,15,0.3888888888888889
483,0000346_00001_d_0000346.jpg,1360,765,82,4,4,0,0.048780487804878
484,0000346_01961_d_0000356.jpg,1360,765,71,1,14,4,0.1971830985915492
485,0000346_02549_d_0000359.jpg,1360,765,59,2,4,1,0.0677966101694915
486,0000346_03921_d_0000366.jpg,1360,765,50,0,11,4,0.22
487,0000346_07057_d_0000382.jpg,1360,765,87,0,19,2,0.2183908045977011
488,0000348_00589_d_0000409.jpg,1360,765,34,1,0,0,0.0
489,0000348_03333_d_0000423.jpg,1360,765,15,0,1,0,0.0666666666666666
490,0000356_00589_d_0000632.jpg,1360,765,121,3,39,13,0.3223140495867768
491,0000356_01177_d_0000635.jpg,1360,765,88,10,15,3,0.1704545454545454
492,0000356_01569_d_0000637.jpg,1360,765,100,10,42,3,0.42
493,0000356_01765_d_0000638.jpg,1360,765,84,17,23,1,0.2738095238095238
494,0000356_01961_d_0000639.jpg,1360,765,111,0,38,1,0.3423423423423423
495,0000356_02157_d_0000640.jpg,1360,765,54,3,2,0,0.037037037037037
496,0000356_02353_d_0000641.jpg,1360,765,106,5,35,3,0.330188679245283
497,0000356_02745_d_0000643.jpg,1360,765,97,4,28,4,0.2886597938144329
498,0000356_02941_d_0000644.jpg,1360,765,108,6,39,8,0.3611111111111111
499,0000356_03333_d_0000646.jpg,1360,765,80,5,7,0,0.0875
500,0000356_03529_d_0000647.jpg,1360,765,81,6,7,0,0.0864197530864197
501,0000356_03725_d_0000648.jpg,1360,765,94,10,28,3,0.2978723404255319
502,0000356_03921_d_0000649.jpg,1360,765,72,5,10,0,0.1388888888888889
503,0000356_04117_d_0000650.jpg,1360,765,93,4,32,1,0.3440860215053763
504,0000356_04313_d_0000651.jpg,1360,765,99,5,37,8,0.3737373737373737
505,0000356_04705_d_0000653.jpg,1360,765,70,7,17,1,0.2428571428571428
506,0000356_04901_d_0000654.jpg,1360,765,102,4,30,3,0.2941176470588235
507,0000356_05097_d_0000655.jpg,1360,765,114,7,41,3,0.3596491228070175
508,0000358_03333_d_0000697.jpg,1360,765,93,6,55,40,0.5913978494623656
509,0000359_00393_d_0000701.jpg,1360,765,39,4,8,2,0.2051282051282051
510,0000359_00589_d_0000702.jpg,1360,765,39,1,7,1,0.1794871794871795
511,0000359_00785_d_0000703.jpg,1360,765,30,2,2,0,0.0666666666666666
512,0000359_00981_d_0000704.jpg,1360,765,33,14,0,0,0.0
513,0000359_01177_d_0000705.jpg,1360,765,59,2,5,1,0.0847457627118644
514,0000359_01373_d_0000706.jpg,1360,765,12,0,0,0,0.0
515,0000359_01961_d_0000707.jpg,1360,765,18,0,0,0,0.0
516,0000359_02353_d_0000708.jpg,1360,765,31,2,14,6,0.4516129032258064
517,0000359_02549_d_0000709.jpg,1360,765,21,0,0,0,0.0
518,0000359_03333_d_0000711.jpg,1360,765,13,1,2,1,0.1538461538461538
519,0000359_03529_d_0000712.jpg,1360,765,16,0,0,0,0.0
520,0000360_00001_d_0000713.jpg,1360,765,80,0,36,10,0.45
521,0000360_00197_d_0000714.jpg,1360,765,79,0,17,3,0.2151898734177215
522,0000360_00393_d_0000715.jpg,1360,765,79,0,14,3,0.1772151898734177
523,0000360_00589_d_0000716.jpg,1360,765,60,0,5,0,0.0833333333333333
524,0000360_00785_d_0000717.jpg,1360,765,59,0,10,4,0.1694915254237288
525,0000360_00981_d_0000718.jpg,1360,765,65,3,6,0,0.0923076923076923
526,0000360_02353_d_0000725.jpg,1360,765,72,5,15,2,0.2083333333333333
527,0000360_02745_d_0000727.jpg,1360,765,81,1,15,0,0.1851851851851851
528,0000360_02941_d_0000728.jpg,1360,765,45,0,2,0,0.0444444444444444
529,0000360_03137_d_0000729.jpg,1360,765,56,0,2,0,0.0357142857142857
530,0000360_03333_d_0000730.jpg,1360,765,56,0,8,3,0.1428571428571428
531,0000360_03529_d_0000731.jpg,1360,765,31,0,0,0,0.0
532,0000360_03921_d_0000733.jpg,1360,765,52,0,16,5,0.3076923076923077
533,0000360_04117_d_0000734.jpg,1360,765,18,0,0,0,0.0
534,0000360_04705_d_0000737.jpg,1360,765,9,0,0,0,0.0
535,0000360_05293_d_0000740.jpg,1360,765,70,0,25,12,0.3571428571428571
536,0000360_05685_d_0000742.jpg,1360,765,60,0,10,3,0.1666666666666666
537,0000360_06273_d_0000745.jpg,1360,765,17,5,0,0,0.0
538,0000360_06665_d_0000747.jpg,1360,765,48,0,6,2,0.125
539,0000360_06861_d_0000748.jpg,1360,765,25,0,0,0,0.0
540,0000360_07057_d_0000749.jpg,1360,765,15,1,0,0,0.0
541,0000360_07253_d_0000750.jpg,1360,765,28,0,0,0,0.0
542,0000360_07645_d_0000752.jpg,1360,765,16,0,0,0,0.0
543,0000364_00589_d_0000798.jpg,960,540,62,4,23,10,0.3709677419354839
544,0000364_01177_d_0000799.jpg,960,540,80,4,42,20,0.525
545,0000364_01373_d_0000780.jpg,960,540,64,10,32,12,0.5
546,0000364_01569_d_0000781.jpg,960,540,97,9,44,18,0.4536082474226804
547,0000364_01765_d_0000782.jpg,960,540,81,5,28,4,0.345679012345679
